#
# There is insufficient memory for the Java Runtime Environment to continue.
# Native memory allocation (malloc) failed to allocate 9572184 bytes. Error detail: Chunk::new
# Possible reasons:
#   The system is out of physical RAM or swap space
#   This process is running with CompressedOops enabled, and the Java Heap may be blocking the growth of the native heap
# Possible solutions:
#   Reduce memory load on the system
#   Increase physical memory or swap space
#   Check if swap backing store is full
#   Decrease Java heap size (-Xmx/-Xms)
#   Decrease number of Java threads
#   Decrease Java thread stack sizes (-Xss)
#   Set larger code cache with -XX:ReservedCodeCacheSize=
#   JVM is running with Unscaled Compressed Oops mode in which the Java heap is
#     placed in the first 4GB address space. The Java Heap base address is the
#     maximum limit for the native heap growth. Please use -XX:HeapBaseMinAddress
#     to set the Java Heap base and to place the Java Heap above 4GB virtual address.
# This output file may be truncated or incomplete.
#
#  Out of Memory Error (arena.cpp:186), pid=5640, tid=19372
#
# JRE version: OpenJDK Runtime Environment (25.0.2) (build 25.0.2+-15348964-b329.117)
# Java VM: OpenJDK 64-Bit Server VM (25.0.2+-15348964-b329.117, mixed mode, tiered, compressed oops, compressed class ptrs, g1 gc, windows-amd64)
# No core dump will be written. Minidumps are not enabled by default on client versions of Windows
#

---------------  S U M M A R Y ------------

Command Line: --add-opens=java.base/java.lang=ALL-UNNAMED --add-opens=java.base/java.lang.invoke=ALL-UNNAMED --add-opens=java.base/java.util=ALL-UNNAMED --add-opens=java.prefs/java.util.prefs=ALL-UNNAMED --add-exports=jdk.compiler/com.sun.tools.javac.api=ALL-UNNAMED --add-exports=jdk.compiler/com.sun.tools.javac.util=ALL-UNNAMED --add-opens=java.base/java.nio.charset=ALL-UNNAMED --add-opens=java.base/java.net=ALL-UNNAMED --add-opens=java.base/java.util.concurrent=ALL-UNNAMED --add-opens=java.base/java.util.concurrent.atomic=ALL-UNNAMED --add-opens=java.xml/javax.xml.namespace=ALL-UNNAMED --add-opens=java.base/java.time=ALL-UNNAMED --enable-native-access=ALL-UNNAMED -Xmx2048m -Dfile.encoding=UTF-8 -Duser.country=RU -Duser.language=ru -Duser.variant -javaagent:C:\Users\User\.gradle\wrapper\dists\gradle-9.7.1-bin\1w1c7tv4s851m17nbqdsro2tv\gradle-9.7.1\lib\agents\gradle-instrumentation-agent-9.7.1.jar org.gradle.launcher.daemon.bootstrap.GradleDaemon 9.7.1

Host: AMD Ryzen 7 4800HS with Radeon Graphics        , 16 cores, 15G,  Windows 11 , 64 bit Build 26100 (10.0.26100.9444)
Time: Mon Sep 14 20:55:15 2026 elapsed time: 53.668712 seconds (0d 0h 0m 53s)

---------------  T H R E A D  ---------------

Current thread (0x000001dfdaf55640):  JavaThread "C2 CompilerThread2" daemon [_thread_in_native, id=19372, stack(0x0000007102b00000,0x0000007102c00000) (1024K)]


Current CompileTask:
C2:53668 28971       4       org.gradle.internal.execution.impl.DefaultInputFingerprinter::fingerprintInputProperties (43 bytes)

Stack: [0x0000007102b00000,0x0000007102c00000]
Native frames: (J=compiled Java code, j=interpreted, Vv=VM code, C=native code)
V  [jvm.dll+0x7bd439]  (no source info available)
V  [jvm.dll+0x78763d]  (no source info available)
V  [jvm.dll+0xa0c885]  (no source info available)
V  [jvm.dll+0xa0ef04]  (no source info available)
V  [jvm.dll+0xa0f603]  (no source info available)
V  [jvm.dll+0x309bf6]  (no source info available)
V  [jvm.dll+0x10ea69]  (no source info available)
V  [jvm.dll+0x10ed92]  (no source info available)
V  [jvm.dll+0x1a9837]  (no source info available)
V  [jvm.dll+0x3bec92]  (no source info available)
V  [jvm.dll+0x7c2cb7]  (no source info available)
V  [jvm.dll+0x2ce046]  (no source info available)
V  [jvm.dll+0x2cd221]  (no source info available)
V  [jvm.dll+0x242ffa]  (no source info available)
V  [jvm.dll+0x2dcc05]  (no source info available)
V  [jvm.dll+0x2dae06]  (no source info available)
V  [jvm.dll+0x49b59e]  (no source info available)
V  [jvm.dll+0x9ab9c8]  (no source info available)
V  [jvm.dll+0x7bb985]  (no source info available)
C  [ucrtbase.dll+0x2cd30]  (no source info available)
C  [KERNEL32.DLL+0x2cd87]  (no source info available)
C  [ntdll.dll+0xacaec]  (no source info available)

Lock stack of current Java thread (top to bottom):


---------------  P R O C E S S  ---------------

Threads class SMR info:
_java_thread_list=0x000001dfd9a6a090, length=106, elements={
0x000001dfaf7118b0, 0x000001dfc7aec7e0, 0x000001dfcc0144b0, 0x000001dfc7af1ed0,
0x000001dfc7afbc10, 0x000001dfc7afe3e0, 0x000001dfc7afeba0, 0x000001dfc7b03aa0,
0x000001dfc7b00ee0, 0x000001dfcc01cf40, 0x000001dfcc399860, 0x000001dfcd5f0e10,
0x000001dfcd5f2580, 0x000001dfcd5ef6a0, 0x000001dfcd5f44c0, 0x000001dfceec24c0,
0x000001dfcd8e4110, 0x000001dfcd8e5880, 0x000001dfcd8e6ff0, 0x000001dfcf509d30,
0x000001dfcf5085c0, 0x000001dfcf508d90, 0x000001dfcc01ad40, 0x000001dfd17254b0,
0x000001dfd1722da0, 0x000001dfd1723570, 0x000001dfd1727bc0, 0x000001dfd0c76470,
0x000001dfd0c74530, 0x000001dfd0c73d60, 0x000001dfd0c77be0, 0x000001dfd0c7b290,
0x000001dfcd5efe70, 0x000001dfd0c7d9a0, 0x000001dfd3f50be0, 0x000001dfd0c7a2f0,
0x000001dfda6ca300, 0x000001dfcd8e3940, 0x000001dfd4a2a430, 0x000001dfd4a0e6e0,
0x000001dfd4a0cf70, 0x000001dfd4a0bfd0, 0x000001dfd4a0df10, 0x000001dfd4a10df0,
0x000001dfd4a0fe50, 0x000001dfd4a12560, 0x000001dfd4a0eeb0, 0x000001dfd4a0f680,
0x000001dfd4a144a0, 0x000001dfe2b6bd50, 0x000001dfe2b6c520, 0x000001dfe2b6ccf0,
0x000001dfe2b74220, 0x000001dfe2b71b10, 0x000001dfe2b722e0, 0x000001dfe2b73a50,
0x000001dfe2b76160, 0x000001dfe2b76930, 0x000001dfdaf4fd90, 0x000001dfe2b780a0,
0x000001dfe2b79040, 0x000001dfe2b7b750, 0x000001dfe2b7af80, 0x000001dfe2b79fe0,
0x000001dfe2b7cec0, 0x000001dfe2b7de60, 0x000001dfe2b7fda0, 0x000001dfe2b7e630,
0x000001dfe2b80570, 0x000001dfe2b82c80, 0x000001dfe2b83450, 0x000001dfe2b81510,
0x000001dfe2b85390, 0x000001dfe2b86b00, 0x000001dfe2b88270, 0x000001dfe2b86330,
0x000001dfe2b87aa0, 0x000001dfdaf55640, 0x000001dfdaf51dd0, 0x000001dfdaf55e50,
0x000001dfda0699b0, 0x000001dfda06a1c0, 0x000001dfd4a15440, 0x000001dfd4a192c0,
0x000001dfd4a19a90, 0x000001dfd4a18320, 0x000001dfd4a1c1a0, 0x000001dfd4a20fc0,
0x000001dfd4a1e0e0, 0x000001dfd4a1e8b0, 0x000001dfd4a22730, 0x000001dfd4a20020,
0x000001dfd4a265b0, 0x000001dfd4a23ea0, 0x000001dfd4a24e40, 0x000001dfd4a26d80,
0x000001dfd4a29490, 0x000001dfd4a27550, 0x000001dfd4a284f0, 0x000001dfcc5fa4d0,
0x000001dfcc5faca0, 0x000001dfcc5f9d00, 0x000001dfcc5fc410, 0x000001dfcc5fdb80,
0x000001dfcc5fd3b0, 0x000001dfdb19b5d0
}

Java Threads: ( => current thread )
  0x000001dfaf7118b0 JavaThread "main"                              [_thread_blocked, id=18892, stack(0x0000007179100000,0x0000007179200000) (1024K)]
  0x000001dfc7aec7e0 JavaThread "Common-Cleaner"             daemon [_thread_blocked, id=17652, stack(0x0000007179900000,0x0000007179a00000) (1024K)]
  0x000001dfcc0144b0 JavaThread "Reference Handler"          daemon [_thread_blocked, id=7720, stack(0x0000007179a00000,0x0000007179b00000) (1024K)]
  0x000001dfc7af1ed0 JavaThread "Finalizer"                  daemon [_thread_blocked, id=12864, stack(0x0000007179b00000,0x0000007179c00000) (1024K)]
  0x000001dfc7afbc10 JavaThread "Signal Dispatcher"          daemon [_thread_blocked, id=10772, stack(0x0000007179c00000,0x0000007179d00000) (1024K)]
  0x000001dfc7afe3e0 JavaThread "Attach Listener"            daemon [_thread_blocked, id=17864, stack(0x0000007179d00000,0x0000007179e00000) (1024K)]
  0x000001dfc7afeba0 JavaThread "Service Thread"             daemon [_thread_blocked, id=17816, stack(0x0000007179e00000,0x0000007179f00000) (1024K)]
  0x000001dfc7b03aa0 JavaThread "Monitor Deflation Thread"   daemon [_thread_blocked, id=5228, stack(0x0000007179f00000,0x000000717a000000) (1024K)]
  0x000001dfc7b00ee0 JavaThread "C2 CompilerThread0"         daemon [_thread_in_native, id=11584, stack(0x000000717a000000,0x000000717a100000) (1024K)]
  0x000001dfcc01cf40 JavaThread "C1 CompilerThread0"         daemon [_thread_blocked, id=15084, stack(0x000000717a100000,0x000000717a200000) (1024K)]
  0x000001dfcc399860 JavaThread "Notification Thread"        daemon [_thread_blocked, id=18900, stack(0x000000717a500000,0x000000717a600000) (1024K)]
  0x000001dfcd5f0e10 JavaThread "Daemon health stats"               [_thread_blocked, id=5780, stack(0x000000717af00000,0x000000717b000000) (1024K)]
  0x000001dfcd5f2580 JavaThread "Incoming local TCP Connector on port 61582"        [_thread_in_native, id=18924, stack(0x000000717b000000,0x000000717b100000) (1024K)]
  0x000001dfcd5ef6a0 JavaThread "Daemon periodic checks"            [_thread_blocked, id=3244, stack(0x000000717b100000,0x000000717b200000) (1024K)]
  0x000001dfcd5f44c0 JavaThread "Daemon"                            [_thread_blocked, id=3656, stack(0x000000717b200000,0x000000717b300000) (1024K)]
  0x000001dfceec24c0 JavaThread "Daemon worker"                     [_thread_blocked, id=16648, stack(0x000000717be00000,0x000000717bf00000) (1024K)]
  0x000001dfcd8e4110 JavaThread "Cache worker for journal cache (C:\Users\User\.gradle\caches\journal-1)"        [_thread_blocked, id=17656, stack(0x000000717a700000,0x000000717a800000) (1024K)]
  0x000001dfcd8e5880 JavaThread "File lock request listener"        [_thread_in_native, id=12688, stack(0x000000717a800000,0x000000717a900000) (1024K)]
  0x000001dfcd8e6ff0 JavaThread "Cache worker for file hash cache (C:\Users\User\.gradle\caches\9.7.1\fileHashes)"        [_thread_blocked, id=2184, stack(0x000000717a900000,0x000000717aa00000) (1024K)]
  0x000001dfcf509d30 JavaThread "File watcher server"        daemon [_thread_in_native, id=14884, stack(0x000000717c700000,0x000000717c800000) (1024K)]
  0x000001dfcf5085c0 JavaThread "File watcher consumer"      daemon [_thread_blocked, id=18292, stack(0x000000717c800000,0x000000717c900000) (1024K)]
  0x000001dfcf508d90 JavaThread "Cache worker for file content cache (C:\Users\User\.gradle\caches\9.7.1\fileContent)"        [_thread_blocked, id=19276, stack(0x000000717c900000,0x000000717ca00000) (1024K)]
  0x000001dfcc01ad40 JavaThread "jar transforms"                    [_thread_blocked, id=5340, stack(0x000000717c400000,0x000000717c500000) (1024K)]
  0x000001dfd17254b0 JavaThread "jar transforms Thread 2"           [_thread_blocked, id=16888, stack(0x000000717cd00000,0x000000717ce00000) (1024K)]
  0x000001dfd1722da0 JavaThread "jar transforms Thread 3"           [_thread_blocked, id=17996, stack(0x000000717ce00000,0x000000717cf00000) (1024K)]
  0x000001dfd1723570 JavaThread "jar transforms Thread 4"           [_thread_blocked, id=15248, stack(0x000000717cf00000,0x000000717d000000) (1024K)]
  0x000001dfd1727bc0 JavaThread "jar transforms Thread 5"           [_thread_blocked, id=1864, stack(0x000000717d000000,0x000000717d100000) (1024K)]
  0x000001dfd0c76470 JavaThread "jar transforms Thread 6"           [_thread_blocked, id=13376, stack(0x000000717e100000,0x000000717e200000) (1024K)]
  0x000001dfd0c74530 JavaThread "jar transforms Thread 7"           [_thread_blocked, id=17012, stack(0x000000717e200000,0x000000717e300000) (1024K)]
  0x000001dfd0c73d60 JavaThread "jar transforms Thread 8"           [_thread_blocked, id=4668, stack(0x000000717e300000,0x000000717e400000) (1024K)]
  0x000001dfd0c77be0 JavaThread "jar transforms Thread 9"           [_thread_blocked, id=16020, stack(0x000000717e400000,0x000000717e500000) (1024K)]
  0x000001dfd0c7b290 JavaThread "jar transforms Thread 10"          [_thread_blocked, id=11800, stack(0x000000717e500000,0x000000717e600000) (1024K)]
  0x000001dfcd5efe70 JavaThread "Memory manager"                    [_thread_blocked, id=16240, stack(0x000000717e900000,0x000000717ea00000) (1024K)]
  0x000001dfd0c7d9a0 JavaThread "pool-3-thread-1"                   [_thread_blocked, id=11892, stack(0x000000717ed00000,0x000000717ee00000) (1024K)]
  0x000001dfd3f50be0 JavaThread "ForkJoinPool.commonPool-worker-1" daemon [_thread_blocked, id=17480, stack(0x0000007101400000,0x0000007101500000) (1024K)]
  0x000001dfd0c7a2f0 JavaThread "ForkJoinPool.commonPool-worker-2" daemon [_thread_blocked, id=19216, stack(0x0000007101500000,0x0000007101600000) (1024K)]
  0x000001dfda6ca300 JavaThread "ForkJoinPool.commonPool-worker-4" daemon [_thread_blocked, id=18876, stack(0x0000007101600000,0x0000007101700000) (1024K)]
  0x000001dfcd8e3940 JavaThread "ForkJoinPool.commonPool-worker-3" daemon [_thread_blocked, id=5320, stack(0x0000007101700000,0x0000007101800000) (1024K)]
  0x000001dfd4a2a430 JavaThread "ForkJoinPool.commonPool-worker-5" daemon [_thread_blocked, id=11408, stack(0x0000007101800000,0x0000007101900000) (1024K)]
  0x000001dfd4a0e6e0 JavaThread "ForkJoinPool.commonPool-worker-7" daemon [_thread_blocked, id=6436, stack(0x0000007101900000,0x0000007101a00000) (1024K)]
  0x000001dfd4a0cf70 JavaThread "ForkJoinPool.commonPool-worker-6" daemon [_thread_blocked, id=15968, stack(0x0000007101a00000,0x0000007101b00000) (1024K)]
  0x000001dfd4a0bfd0 JavaThread "ForkJoinPool.commonPool-worker-8" daemon [_thread_blocked, id=16516, stack(0x0000007101b00000,0x0000007101c00000) (1024K)]
  0x000001dfd4a0df10 JavaThread "ForkJoinPool.commonPool-worker-9" daemon [_thread_blocked, id=10512, stack(0x0000007101c00000,0x0000007101d00000) (1024K)]
  0x000001dfd4a10df0 JavaThread "ForkJoinPool.commonPool-worker-10" daemon [_thread_blocked, id=1472, stack(0x0000007101d00000,0x0000007101e00000) (1024K)]
  0x000001dfd4a0fe50 JavaThread "ForkJoinPool.commonPool-worker-11" daemon [_thread_blocked, id=14284, stack(0x0000007101e00000,0x0000007101f00000) (1024K)]
  0x000001dfd4a12560 JavaThread "ForkJoinPool.commonPool-worker-12" daemon [_thread_blocked, id=9172, stack(0x0000007101f00000,0x0000007102000000) (1024K)]
  0x000001dfd4a0eeb0 JavaThread "ForkJoinPool.commonPool-worker-13" daemon [_thread_blocked, id=10060, stack(0x0000007102000000,0x0000007102100000) (1024K)]
  0x000001dfd4a0f680 JavaThread "ForkJoinPool.commonPool-worker-14" daemon [_thread_blocked, id=19348, stack(0x0000007102100000,0x0000007102200000) (1024K)]
  0x000001dfd4a144a0 JavaThread "ForkJoinPool.commonPool-worker-15" daemon [_thread_blocked, id=3876, stack(0x0000007102200000,0x0000007102300000) (1024K)]
  0x000001dfe2b6bd50 JavaThread "VFS cleanup"                       [_thread_blocked, id=18500, stack(0x0000007100000000,0x0000007100100000) (1024K)]
  0x000001dfe2b6c520 JavaThread "Handler for socket connection from /127.0.0.1:61582 to /127.0.0.1:61596"        [_thread_in_native, id=11204, stack(0x0000007100100000,0x0000007100200000) (1024K)]
  0x000001dfe2b6ccf0 JavaThread "Cancel handler"                    [_thread_blocked, id=10832, stack(0x0000007100200000,0x0000007100300000) (1024K)]
  0x000001dfe2b74220 JavaThread "Asynchronous log dispatcher for DefaultDaemonConnection: socket connection from /127.0.0.1:61582 to /127.0.0.1:61596"        [_thread_blocked, id=17888, stack(0x0000007100300000,0x0000007100400000) (1024K)]
  0x000001dfe2b71b10 JavaThread "Stdin handler"                     [_thread_blocked, id=12092, stack(0x0000007100400000,0x0000007100500000) (1024K)]
  0x000001dfe2b722e0 JavaThread "Daemon client event forwarder"        [_thread_blocked, id=14200, stack(0x0000007100500000,0x0000007100600000) (1024K)]
  0x000001dfe2b73a50 JavaThread "Cache worker for file hash cache (D:\projects\ng-feature-newui\V2rayNG\.gradle\9.7.1\fileHashes)"        [_thread_blocked, id=5580, stack(0x0000007100600000,0x0000007100700000) (1024K)]
  0x000001dfe2b76160 JavaThread "Cache worker for Build Output Cleanup Cache (D:\projects\ng-feature-newui\V2rayNG\.gradle\buildOutputCleanup)"        [_thread_blocked, id=4132, stack(0x0000007100700000,0x0000007100800000) (1024K)]
  0x000001dfe2b76930 JavaThread "Cache worker for checksums cache (D:\projects\ng-feature-newui\V2rayNG\.gradle\9.7.1\checksums)"        [_thread_blocked, id=11416, stack(0x0000007100800000,0x0000007100900000) (1024K)]
  0x000001dfdaf4fd90 JavaThread "C2 CompilerThread1"         daemon [_thread_in_native, id=8640, stack(0x0000007100900000,0x0000007100a00000) (1024K)]
  0x000001dfe2b780a0 JavaThread "Cache worker for cache directory md-supplier (C:\Users\User\.gradle\caches\9.7.1\md-supplier)"        [_thread_blocked, id=6464, stack(0x0000007100a00000,0x0000007100b00000) (1024K)]
  0x000001dfe2b79040 JavaThread "Cache worker for cache directory md-rule (C:\Users\User\.gradle\caches\9.7.1\md-rule)"        [_thread_blocked, id=6828, stack(0x0000007100b00000,0x0000007100c00000) (1024K)]
  0x000001dfe2b7b750 JavaThread "Build operations"                  [_thread_blocked, id=18664, stack(0x0000007100c00000,0x0000007100d00000) (1024K)]
  0x000001dfe2b7af80 JavaThread "Build operations Thread 2"         [_thread_blocked, id=12084, stack(0x0000007100d00000,0x0000007100e00000) (1024K)]
  0x000001dfe2b79fe0 JavaThread "Build operations Thread 3"         [_thread_blocked, id=2460, stack(0x0000007100e00000,0x0000007100f00000) (1024K)]
  0x000001dfe2b7cec0 JavaThread "Build operations Thread 4"         [_thread_blocked, id=12952, stack(0x0000007100f00000,0x0000007101000000) (1024K)]
  0x000001dfe2b7de60 JavaThread "Build operations Thread 5"         [_thread_blocked, id=13200, stack(0x0000007101000000,0x0000007101100000) (1024K)]
  0x000001dfe2b7fda0 JavaThread "Build operations Thread 6"         [_thread_blocked, id=17064, stack(0x0000007101100000,0x0000007101200000) (1024K)]
  0x000001dfe2b7e630 JavaThread "Build operations Thread 7"         [_thread_blocked, id=3612, stack(0x0000007101200000,0x0000007101300000) (1024K)]
  0x000001dfe2b80570 JavaThread "Build operations Thread 8"         [_thread_blocked, id=2880, stack(0x0000007101300000,0x0000007101400000) (1024K)]
  0x000001dfe2b82c80 JavaThread "Build operations Thread 9"         [_thread_blocked, id=5336, stack(0x0000007102300000,0x0000007102400000) (1024K)]
  0x000001dfe2b83450 JavaThread "Build operations Thread 10"        [_thread_blocked, id=9760, stack(0x0000007102400000,0x0000007102500000) (1024K)]
  0x000001dfe2b81510 JavaThread "Build operations Thread 11"        [_thread_blocked, id=19220, stack(0x0000007102500000,0x0000007102600000) (1024K)]
  0x000001dfe2b85390 JavaThread "Build operations Thread 12"        [_thread_blocked, id=10644, stack(0x0000007102600000,0x0000007102700000) (1024K)]
  0x000001dfe2b86b00 JavaThread "Build operations Thread 13"        [_thread_blocked, id=4444, stack(0x0000007102700000,0x0000007102800000) (1024K)]
  0x000001dfe2b88270 JavaThread "Build operations Thread 14"        [_thread_blocked, id=17080, stack(0x0000007102800000,0x0000007102900000) (1024K)]
  0x000001dfe2b86330 JavaThread "Build operations Thread 15"        [_thread_blocked, id=17236, stack(0x0000007102900000,0x0000007102a00000) (1024K)]
  0x000001dfe2b87aa0 JavaThread "Build operations Thread 16"        [_thread_blocked, id=6516, stack(0x0000007102a00000,0x0000007102b00000) (1024K)]
=>0x000001dfdaf55640 JavaThread "C2 CompilerThread2"         daemon [_thread_in_native, id=19372, stack(0x0000007102b00000,0x0000007102c00000) (1024K)]
  0x000001dfdaf51dd0 JavaThread "C1 CompilerThread1"         daemon [_thread_blocked, id=8636, stack(0x0000007102c00000,0x0000007102d00000) (1024K)]
  0x000001dfdaf55e50 JavaThread "C2 CompilerThread3"         daemon [_thread_in_native, id=9796, stack(0x0000007102d00000,0x0000007102e00000) (1024K)]
  0x000001dfda0699b0 JavaThread "C1 CompilerThread2"         daemon [_thread_blocked, id=3064, stack(0x0000007102e00000,0x0000007102f00000) (1024K)]
  0x000001dfda06a1c0 JavaThread "C1 CompilerThread3"         daemon [_thread_in_vm, id=5156, stack(0x0000007102f00000,0x0000007103000000) (1024K)]
  0x000001dfd4a15440 JavaThread "build event listener"              [_thread_blocked, id=17552, stack(0x0000007103000000,0x0000007103100000) (1024K)]
  0x000001dfd4a192c0 JavaThread "build event listener"              [_thread_blocked, id=6596, stack(0x0000007103100000,0x0000007103200000) (1024K)]
  0x000001dfd4a19a90 JavaThread "build event listener"              [_thread_blocked, id=11168, stack(0x0000007103200000,0x0000007103300000) (1024K)]
  0x000001dfd4a18320 JavaThread "Problems report writer"            [_thread_blocked, id=14872, stack(0x0000007103300000,0x0000007103400000) (1024K)]
  0x000001dfd4a1c1a0 JavaThread "pool-7-thread-1"                   [_thread_blocked, id=19316, stack(0x0000007103400000,0x0000007103500000) (1024K)]
  0x000001dfd4a20fc0 JavaThread "build event listener"              [_thread_blocked, id=15000, stack(0x0000007103500000,0x0000007103600000) (1024K)]
  0x000001dfd4a1e0e0 JavaThread "included builds"                   [_thread_blocked, id=10976, stack(0x0000007103600000,0x0000007103700000) (1024K)]
  0x000001dfd4a1e8b0 JavaThread "Execution worker"                  [_thread_in_Java, id=9244, stack(0x0000007103700000,0x0000007103800000) (1024K)]
  0x000001dfd4a22730 JavaThread "Execution worker Thread 2"         [_thread_blocked, id=2076, stack(0x0000007103800000,0x0000007103900000) (1024K)]
  0x000001dfd4a20020 JavaThread "Execution worker Thread 3"         [_thread_blocked, id=8440, stack(0x0000007103900000,0x0000007103a00000) (1024K)]
  0x000001dfd4a265b0 JavaThread "Execution worker Thread 4"         [_thread_blocked, id=6420, stack(0x0000007103a00000,0x0000007103b00000) (1024K)]
  0x000001dfd4a23ea0 JavaThread "Execution worker Thread 5"         [_thread_blocked, id=12160, stack(0x0000007103b00000,0x0000007103c00000) (1024K)]
  0x000001dfd4a24e40 JavaThread "Execution worker Thread 6"         [_thread_blocked, id=11720, stack(0x0000007103c00000,0x0000007103d00000) (1024K)]
  0x000001dfd4a26d80 JavaThread "Execution worker Thread 7"         [_thread_blocked, id=19436, stack(0x0000007103d00000,0x0000007103e00000) (1024K)]
  0x000001dfd4a29490 JavaThread "Execution worker Thread 8"         [_thread_blocked, id=17908, stack(0x0000007103e00000,0x0000007103f00000) (1024K)]
  0x000001dfd4a27550 JavaThread "Execution worker Thread 9"         [_thread_blocked, id=18856, stack(0x0000007103f00000,0x0000007104000000) (1024K)]
  0x000001dfd4a284f0 JavaThread "Execution worker Thread 10"        [_thread_blocked, id=16200, stack(0x0000007104000000,0x0000007104100000) (1024K)]
  0x000001dfcc5fa4d0 JavaThread "Execution worker Thread 11"        [_thread_blocked, id=17392, stack(0x0000007104100000,0x0000007104200000) (1024K)]
  0x000001dfcc5faca0 JavaThread "Execution worker Thread 12"        [_thread_blocked, id=18640, stack(0x0000007104200000,0x0000007104300000) (1024K)]
  0x000001dfcc5f9d00 JavaThread "Execution worker Thread 13"        [_thread_blocked, id=10784, stack(0x0000007104300000,0x0000007104400000) (1024K)]
  0x000001dfcc5fc410 JavaThread "Execution worker Thread 14"        [_thread_blocked, id=19096, stack(0x0000007104400000,0x0000007104500000) (1024K)]
  0x000001dfcc5fdb80 JavaThread "Execution worker Thread 15"        [_thread_blocked, id=18460, stack(0x0000007104500000,0x0000007104600000) (1024K)]
  0x000001dfcc5fd3b0 JavaThread "Cache worker for execution history cache (D:\projects\ng-feature-newui\V2rayNG\.gradle\9.7.1\executionHistory)"        [_thread_blocked, id=5408, stack(0x0000007104600000,0x0000007104700000) (1024K)]
  0x000001dfdb19b5d0 JavaThread "C2 CompilerThread4"         daemon [_thread_in_native, id=6788, stack(0x0000007104700000,0x0000007104800000) (1024K)]
Total: 106

Other Threads:
  0x000001dfc7aba290 VMThread "VM Thread"                           [id=18180, stack(0x0000007179800000,0x0000007179900000) (1024K)]
  0x000001dfc7a7bea0 WatcherThread "VM Periodic Task Thread"        [id=15464, stack(0x0000007179700000,0x0000007179800000) (1024K)]
  0x000001dfaf76a270 WorkerThread "GC Thread#0"                     [id=7744, stack(0x0000007179200000,0x0000007179300000) (1024K)]
  0x000001dfcd502e20 WorkerThread "GC Thread#1"                     [id=4700, stack(0x000000717aa00000,0x000000717ab00000) (1024K)]
  0x000001dfcd503660 WorkerThread "GC Thread#2"                     [id=12320, stack(0x000000717ab00000,0x000000717ac00000) (1024K)]
  0x000001dfcd503a90 WorkerThread "GC Thread#3"                     [id=2812, stack(0x000000717ac00000,0x000000717ad00000) (1024K)]
  0x000001dfcd4ec140 WorkerThread "GC Thread#4"                     [id=13088, stack(0x000000717ad00000,0x000000717ae00000) (1024K)]
  0x000001dfcd51edf0 WorkerThread "GC Thread#5"                     [id=12624, stack(0x000000717ae00000,0x000000717af00000) (1024K)]
  0x000001dfcd51c2d0 WorkerThread "GC Thread#6"                     [id=18600, stack(0x000000717b500000,0x000000717b600000) (1024K)]
  0x000001dfcd522600 WorkerThread "GC Thread#7"                     [id=19116, stack(0x000000717b600000,0x000000717b700000) (1024K)]
  0x000001dfcd522ea0 WorkerThread "GC Thread#8"                     [id=10228, stack(0x000000717b700000,0x000000717b800000) (1024K)]
  0x000001dfcd522a50 WorkerThread "GC Thread#9"                     [id=9640, stack(0x000000717b800000,0x000000717b900000) (1024K)]
  0x000001dfcd5221b0 WorkerThread "GC Thread#10"                    [id=5412, stack(0x000000717b900000,0x000000717ba00000) (1024K)]
  0x000001dfcd521910 WorkerThread "GC Thread#11"                    [id=3544, stack(0x000000717ba00000,0x000000717bb00000) (1024K)]
  0x000001dfcd5232f0 WorkerThread "GC Thread#12"                    [id=16212, stack(0x000000717bb00000,0x000000717bc00000) (1024K)]
  0x000001dfaf783340 ConcurrentGCThread "G1 Main Marker"            [id=2832, stack(0x0000007179300000,0x0000007179400000) (1024K)]
  0x000001dfaf784dc0 WorkerThread "G1 Conc#0"                       [id=3696, stack(0x0000007179400000,0x0000007179500000) (1024K)]
  0x000001dfcd5207d0 WorkerThread "G1 Conc#1"                       [id=4020, stack(0x000000717bc00000,0x000000717bd00000) (1024K)]
  0x000001dfcd520380 WorkerThread "G1 Conc#2"                       [id=4772, stack(0x000000717bd00000,0x000000717be00000) (1024K)]
  0x000001dfc794edc0 ConcurrentGCThread "G1 Refine#0"               [id=10760, stack(0x0000007179500000,0x0000007179600000) (1024K)]
  0x000001dfc79512a0 ConcurrentGCThread "G1 Service"                [id=15976, stack(0x0000007179600000,0x0000007179700000) (1024K)]
Total: 21

Threads with active compile tasks:
C2 CompilerThread0  53757 28994   !   4       org.gradle.api.internal.artifacts.ivyservice.resolveengine.artifact.VariantResolvingArtifactSet::select (178 bytes)
C2 CompilerThread1  53757 28998       4       org.gradle.internal.execution.steps.IdentifyStep::createIdentityContext (173 bytes)
C2 CompilerThread2  53757 28971       4       org.gradle.internal.execution.impl.DefaultInputFingerprinter::fingerprintInputProperties (43 bytes)
C2 CompilerThread3  53758 29003       4       org.gradle.api.internal.artifacts.transform.DefaultTransformInvocationFactory::createInvocation (196 bytes)
C2 CompilerThread4  53758 29067       4       org.gradle.internal.snapshot.AbstractListChildMap::store (72 bytes)
Total: 5

VM state: not at safepoint (normal execution)

VM Mutex/Monitor currently owned by a thread: None

Heap address: 0x0000000080000000, size: 2048 MB, Compressed Oops mode: 32-bit

CDS archive(s) not mapped
Compressed class space mapped at: 0x000000000a000000-0x000000004a000000, reserved size: 1073741824
UseCompressedClassPointers 1, UseCompactObjectHeaders 0
Narrow klass pointer bits 32, Max shift 3
Narrow klass base: 0x0000000000000000, Narrow klass shift: 0
Encoding Range: [0x0000000000000000 - 0x0000000100000000), (4294967296 bytes)
Klass Range:    [0x000000000a000000 - 0x000000004a000000), (1073741824 bytes)
Klass ID Range:  [167772160 - 1241513977) (1073741817)
No protection zone.

GC Precious Log:
 CardTable entry size: 512
 Card Set container configuration: InlinePtr #cards 5 size 8 Array Of Cards #cards 10 size 36 Howl #buckets 4 coarsen threshold 1843 Howl Bitmap #cards 512 size 80 coarsen threshold 460 Card regions per heap region 1 cards per card region 2048
 CPUs: 16 total, 16 available
 Memory: 15774M
 Large Page Support: Disabled
 NUMA Support: Disabled
 Compressed Oops: Enabled (32-bit)
 Heap Region Size: 1M
 Heap Min Capacity: 8M
 Heap Initial Capacity: 248M
 Heap Max Capacity: 2G
 Pre-touch: Disabled
 Parallel Workers: 13
 Concurrent Workers: 3
 Concurrent Refinement Workers: 13
 Periodic GC: Disabled

Heap:
 garbage-first heap   total reserved 2097152K, committed 781312K, used 418382K [0x0000000080000000, 0x0000000100000000)
  region size 1024K, 201 young (205824K), 27 survivors (27648K)

Heap Regions: E=young(eden), S=young(survivor), O=old, HS=humongous(starts), HC=humongous(continues), CS=collection set, F=free, TAMS=top-at-mark-start, PB=parsable bottom
|   0|0x0000000080000000, 0x0000000080100000, 0x0000000080100000|100%|HS|  |TAMS 0x0000000080000000| PB 0x0000000080000000| Complete |  0
|   1|0x0000000080100000, 0x0000000080200000, 0x0000000080200000|100%|HC|  |TAMS 0x0000000080100000| PB 0x0000000080100000| Complete |  0
|   2|0x0000000080200000, 0x0000000080300000, 0x0000000080300000|100%|HC|  |TAMS 0x0000000080200000| PB 0x0000000080200000| Complete |  0
|   3|0x0000000080300000, 0x0000000080400000, 0x0000000080400000|100%|HC|  |TAMS 0x0000000080300000| PB 0x0000000080300000| Complete |  0
|   4|0x0000000080400000, 0x0000000080500000, 0x0000000080500000|100%| O|  |TAMS 0x0000000080400000| PB 0x0000000080400000| Untracked |  0
|   5|0x0000000080500000, 0x0000000080600000, 0x0000000080600000|100%| O|  |TAMS 0x0000000080500000| PB 0x0000000080500000| Untracked |  0
|   6|0x0000000080600000, 0x0000000080700000, 0x0000000080700000|100%| O|  |TAMS 0x0000000080600000| PB 0x0000000080600000| Untracked |  0
|   7|0x0000000080700000, 0x0000000080800000, 0x0000000080800000|100%|HS|  |TAMS 0x0000000080700000| PB 0x0000000080700000| Complete |  0
|   8|0x0000000080800000, 0x0000000080900000, 0x0000000080900000|100%| O|  |TAMS 0x0000000080800000| PB 0x0000000080800000| Untracked |  0
|   9|0x0000000080900000, 0x0000000080a00000, 0x0000000080a00000|100%| O|  |TAMS 0x0000000080900000| PB 0x0000000080900000| Untracked |  0
|  10|0x0000000080a00000, 0x0000000080b00000, 0x0000000080b00000|100%| O|  |TAMS 0x0000000080a00000| PB 0x0000000080a00000| Untracked |  0
|  11|0x0000000080b00000, 0x0000000080c00000, 0x0000000080c00000|100%| O|  |TAMS 0x0000000080b00000| PB 0x0000000080b00000| Untracked |  0
|  12|0x0000000080c00000, 0x0000000080d00000, 0x0000000080d00000|100%| O|  |TAMS 0x0000000080c00000| PB 0x0000000080c00000| Untracked |  0
|  13|0x0000000080d00000, 0x0000000080e00000, 0x0000000080e00000|100%| O|  |TAMS 0x0000000080d00000| PB 0x0000000080d00000| Untracked |  0
|  14|0x0000000080e00000, 0x0000000080f00000, 0x0000000080f00000|100%| O|  |TAMS 0x0000000080e00000| PB 0x0000000080e00000| Untracked |  0
|  15|0x0000000080f00000, 0x0000000081000000, 0x0000000081000000|100%| O|  |TAMS 0x0000000080f00000| PB 0x0000000080f00000| Untracked |  0
|  16|0x0000000081000000, 0x0000000081100000, 0x0000000081100000|100%| O|  |TAMS 0x0000000081000000| PB 0x0000000081000000| Untracked |  0
|  17|0x0000000081100000, 0x0000000081200000, 0x0000000081200000|100%| O|  |TAMS 0x0000000081100000| PB 0x0000000081100000| Untracked |  0
|  18|0x0000000081200000, 0x0000000081300000, 0x0000000081300000|100%| O|  |TAMS 0x0000000081200000| PB 0x0000000081200000| Untracked |  0
|  19|0x0000000081300000, 0x0000000081400000, 0x0000000081400000|100%| O|  |TAMS 0x0000000081300000| PB 0x0000000081300000| Untracked |  0
|  20|0x0000000081400000, 0x0000000081500000, 0x0000000081500000|100%| O|  |TAMS 0x0000000081400000| PB 0x0000000081400000| Untracked |  0
|  21|0x0000000081500000, 0x0000000081600000, 0x0000000081600000|100%| O|  |TAMS 0x0000000081500000| PB 0x0000000081500000| Untracked |  0
|  22|0x0000000081600000, 0x0000000081700000, 0x0000000081700000|100%| O|  |TAMS 0x0000000081600000| PB 0x0000000081600000| Untracked |  0
|  23|0x0000000081700000, 0x0000000081800000, 0x0000000081800000|100%| O|  |TAMS 0x0000000081700000| PB 0x0000000081700000| Untracked |  0
|  24|0x0000000081800000, 0x0000000081900000, 0x0000000081900000|100%| O|  |TAMS 0x0000000081800000| PB 0x0000000081800000| Untracked |  0
|  25|0x0000000081900000, 0x0000000081a00000, 0x0000000081a00000|100%| O|  |TAMS 0x0000000081900000| PB 0x0000000081900000| Untracked |  0
|  26|0x0000000081a00000, 0x0000000081b00000, 0x0000000081b00000|100%| O|  |TAMS 0x0000000081a00000| PB 0x0000000081a00000| Untracked |  0
|  27|0x0000000081b00000, 0x0000000081c00000, 0x0000000081c00000|100%| O|  |TAMS 0x0000000081b00000| PB 0x0000000081b00000| Untracked |  0
|  28|0x0000000081c00000, 0x0000000081d00000, 0x0000000081d00000|100%| O|  |TAMS 0x0000000081c00000| PB 0x0000000081c00000| Untracked |  0
|  29|0x0000000081d00000, 0x0000000081e00000, 0x0000000081e00000|100%| O|  |TAMS 0x0000000081d00000| PB 0x0000000081d00000| Untracked |  0
|  30|0x0000000081e00000, 0x0000000081f00000, 0x0000000081f00000|100%| O|  |TAMS 0x0000000081e00000| PB 0x0000000081e00000| Untracked |  0
|  31|0x0000000081f00000, 0x0000000082000000, 0x0000000082000000|100%| O|  |TAMS 0x0000000081f00000| PB 0x0000000081f00000| Untracked |  0
|  32|0x0000000082000000, 0x0000000082100000, 0x0000000082100000|100%| O|  |TAMS 0x0000000082000000| PB 0x0000000082000000| Untracked |  0
|  33|0x0000000082100000, 0x0000000082200000, 0x0000000082200000|100%| O|  |TAMS 0x0000000082100000| PB 0x0000000082100000| Untracked |  0
|  34|0x0000000082200000, 0x0000000082300000, 0x0000000082300000|100%| O|  |TAMS 0x0000000082200000| PB 0x0000000082200000| Untracked |  0
|  35|0x0000000082300000, 0x0000000082400000, 0x0000000082400000|100%| O|  |TAMS 0x0000000082300000| PB 0x0000000082300000| Untracked |  0
|  36|0x0000000082400000, 0x0000000082500000, 0x0000000082500000|100%| O|  |TAMS 0x0000000082400000| PB 0x0000000082400000| Untracked |  0
|  37|0x0000000082500000, 0x0000000082600000, 0x0000000082600000|100%| O|  |TAMS 0x0000000082500000| PB 0x0000000082500000| Untracked |  0
|  38|0x0000000082600000, 0x0000000082700000, 0x0000000082700000|100%|HS|  |TAMS 0x0000000082600000| PB 0x0000000082600000| Complete |  0
|  39|0x0000000082700000, 0x0000000082800000, 0x0000000082800000|100%| O|  |TAMS 0x0000000082700000| PB 0x0000000082700000| Untracked |  0
|  40|0x0000000082800000, 0x0000000082900000, 0x0000000082900000|100%| O|  |TAMS 0x0000000082800000| PB 0x0000000082800000| Untracked |  0
|  41|0x0000000082900000, 0x0000000082a00000, 0x0000000082a00000|100%| O|  |TAMS 0x0000000082900000| PB 0x0000000082900000| Untracked |  0
|  42|0x0000000082a00000, 0x0000000082b00000, 0x0000000082b00000|100%| O|  |TAMS 0x0000000082a00000| PB 0x0000000082a00000| Untracked |  0
|  43|0x0000000082b00000, 0x0000000082c00000, 0x0000000082c00000|100%| O|  |TAMS 0x0000000082b00000| PB 0x0000000082b00000| Untracked |  0
|  44|0x0000000082c00000, 0x0000000082d00000, 0x0000000082d00000|100%| O|  |TAMS 0x0000000082c00000| PB 0x0000000082c00000| Untracked |  0
|  45|0x0000000082d00000, 0x0000000082e00000, 0x0000000082e00000|100%| O|  |TAMS 0x0000000082d00000| PB 0x0000000082d00000| Untracked |  0
|  46|0x0000000082e00000, 0x0000000082f00000, 0x0000000082f00000|100%| O|  |TAMS 0x0000000082e00000| PB 0x0000000082e00000| Untracked |  0
|  47|0x0000000082f00000, 0x0000000083000000, 0x0000000083000000|100%| O|  |TAMS 0x0000000082f00000| PB 0x0000000082f00000| Untracked |  0
|  48|0x0000000083000000, 0x0000000083100000, 0x0000000083100000|100%| O|  |TAMS 0x0000000083000000| PB 0x0000000083000000| Untracked |  0
|  49|0x0000000083100000, 0x0000000083200000, 0x0000000083200000|100%| O|  |TAMS 0x0000000083100000| PB 0x0000000083100000| Untracked |  0
|  50|0x0000000083200000, 0x0000000083300000, 0x0000000083300000|100%|HS|  |TAMS 0x0000000083200000| PB 0x0000000083200000| Complete |  0
|  51|0x0000000083300000, 0x0000000083400000, 0x0000000083400000|100%|HS|  |TAMS 0x0000000083300000| PB 0x0000000083300000| Complete |  0
|  52|0x0000000083400000, 0x0000000083500000, 0x0000000083500000|100%|HS|  |TAMS 0x0000000083400000| PB 0x0000000083400000| Complete |  0
|  53|0x0000000083500000, 0x0000000083600000, 0x0000000083600000|100%|HC|  |TAMS 0x0000000083500000| PB 0x0000000083500000| Complete |  0
|  54|0x0000000083600000, 0x0000000083700000, 0x0000000083700000|100%| O|  |TAMS 0x0000000083600000| PB 0x0000000083600000| Untracked |  0
|  55|0x0000000083700000, 0x0000000083800000, 0x0000000083800000|100%|HS|  |TAMS 0x0000000083700000| PB 0x0000000083700000| Complete |  0
|  56|0x0000000083800000, 0x0000000083900000, 0x0000000083900000|100%|HC|  |TAMS 0x0000000083800000| PB 0x0000000083800000| Complete |  0
|  57|0x0000000083900000, 0x0000000083a00000, 0x0000000083a00000|100%|HS|  |TAMS 0x0000000083900000| PB 0x0000000083900000| Complete |  0
|  58|0x0000000083a00000, 0x0000000083b00000, 0x0000000083b00000|100%|HS|  |TAMS 0x0000000083a00000| PB 0x0000000083a00000| Complete |  0
|  59|0x0000000083b00000, 0x0000000083c00000, 0x0000000083c00000|100%|HS|  |TAMS 0x0000000083b00000| PB 0x0000000083b00000| Complete |  0
|  60|0x0000000083c00000, 0x0000000083d00000, 0x0000000083d00000|100%| O|  |TAMS 0x0000000083c00000| PB 0x0000000083c00000| Untracked |  0
|  61|0x0000000083d00000, 0x0000000083e00000, 0x0000000083e00000|100%|HS|  |TAMS 0x0000000083d00000| PB 0x0000000083d00000| Complete |  0
|  62|0x0000000083e00000, 0x0000000083f00000, 0x0000000083f00000|100%|HS|  |TAMS 0x0000000083e00000| PB 0x0000000083e00000| Complete |  0
|  63|0x0000000083f00000, 0x0000000084000000, 0x0000000084000000|100%|HS|  |TAMS 0x0000000083f00000| PB 0x0000000083f00000| Complete |  0
|  64|0x0000000084000000, 0x0000000084100000, 0x0000000084100000|100%| O|  |TAMS 0x0000000084000000| PB 0x0000000084000000| Untracked |  0
|  65|0x0000000084100000, 0x0000000084200000, 0x0000000084200000|100%| O|  |TAMS 0x0000000084100000| PB 0x0000000084100000| Untracked |  0
|  66|0x0000000084200000, 0x0000000084300000, 0x0000000084300000|100%| O|  |TAMS 0x0000000084200000| PB 0x0000000084200000| Untracked |  0
|  67|0x0000000084300000, 0x0000000084400000, 0x0000000084400000|100%| O|  |TAMS 0x0000000084300000| PB 0x0000000084300000| Untracked |  0
|  68|0x0000000084400000, 0x0000000084500000, 0x0000000084500000|100%| O|  |TAMS 0x0000000084400000| PB 0x0000000084400000| Untracked |  0
|  69|0x0000000084500000, 0x0000000084600000, 0x0000000084600000|100%| O|  |TAMS 0x0000000084500000| PB 0x0000000084500000| Untracked |  0
|  70|0x0000000084600000, 0x0000000084700000, 0x0000000084700000|100%| O|  |TAMS 0x0000000084600000| PB 0x0000000084600000| Untracked |  0
|  71|0x0000000084700000, 0x0000000084800000, 0x0000000084800000|100%| O|  |TAMS 0x0000000084700000| PB 0x0000000084700000| Untracked |  0
|  72|0x0000000084800000, 0x0000000084900000, 0x0000000084900000|100%| O|  |TAMS 0x0000000084800000| PB 0x0000000084800000| Untracked |  0
|  73|0x0000000084900000, 0x0000000084a00000, 0x0000000084a00000|100%| O|  |TAMS 0x0000000084900000| PB 0x0000000084900000| Untracked |  0
|  74|0x0000000084a00000, 0x0000000084b00000, 0x0000000084b00000|100%| O|  |TAMS 0x0000000084a00000| PB 0x0000000084a00000| Untracked |  0
|  75|0x0000000084b00000, 0x0000000084c00000, 0x0000000084c00000|100%| O|  |TAMS 0x0000000084b00000| PB 0x0000000084b00000| Untracked |  0
|  76|0x0000000084c00000, 0x0000000084d00000, 0x0000000084d00000|100%| O|  |TAMS 0x0000000084c00000| PB 0x0000000084c00000| Untracked |  0
|  77|0x0000000084d00000, 0x0000000084e00000, 0x0000000084e00000|100%| O|  |TAMS 0x0000000084d00000| PB 0x0000000084d00000| Untracked |  0
|  78|0x0000000084e00000, 0x0000000084f00000, 0x0000000084f00000|100%| O|  |TAMS 0x0000000084e00000| PB 0x0000000084e00000| Untracked |  0
|  79|0x0000000084f00000, 0x0000000085000000, 0x0000000085000000|100%| O|  |TAMS 0x0000000084f00000| PB 0x0000000084f00000| Untracked |  0
|  80|0x0000000085000000, 0x0000000085100000, 0x0000000085100000|100%| O|  |TAMS 0x0000000085000000| PB 0x0000000085000000| Untracked |  0
|  81|0x0000000085100000, 0x0000000085200000, 0x0000000085200000|100%| O|  |TAMS 0x0000000085100000| PB 0x0000000085100000| Untracked |  0
|  82|0x0000000085200000, 0x0000000085300000, 0x0000000085300000|100%| O|  |TAMS 0x0000000085200000| PB 0x0000000085200000| Untracked |  0
|  83|0x0000000085300000, 0x0000000085400000, 0x0000000085400000|100%| O|  |TAMS 0x0000000085300000| PB 0x0000000085300000| Untracked |  0
|  84|0x0000000085400000, 0x0000000085500000, 0x0000000085500000|100%| O|  |TAMS 0x0000000085400000| PB 0x0000000085400000| Untracked |  0
|  85|0x0000000085500000, 0x0000000085600000, 0x0000000085600000|100%| O|  |TAMS 0x0000000085500000| PB 0x0000000085500000| Untracked |  0
|  86|0x0000000085600000, 0x0000000085700000, 0x0000000085700000|100%| O|  |TAMS 0x0000000085600000| PB 0x0000000085600000| Untracked |  0
|  87|0x0000000085700000, 0x0000000085800000, 0x0000000085800000|100%| O|  |TAMS 0x0000000085700000| PB 0x0000000085700000| Untracked |  0
|  88|0x0000000085800000, 0x0000000085900000, 0x0000000085900000|100%| O|  |TAMS 0x0000000085800000| PB 0x0000000085800000| Untracked |  0
|  89|0x0000000085900000, 0x0000000085a00000, 0x0000000085a00000|100%| O|  |TAMS 0x0000000085900000| PB 0x0000000085900000| Untracked |  0
|  90|0x0000000085a00000, 0x0000000085b00000, 0x0000000085b00000|100%| O|  |TAMS 0x0000000085a00000| PB 0x0000000085a00000| Untracked |  0
|  91|0x0000000085b00000, 0x0000000085c00000, 0x0000000085c00000|100%| O|  |TAMS 0x0000000085b00000| PB 0x0000000085b00000| Untracked |  0
|  92|0x0000000085c00000, 0x0000000085d00000, 0x0000000085d00000|100%| O|  |TAMS 0x0000000085c00000| PB 0x0000000085c00000| Untracked |  0
|  93|0x0000000085d00000, 0x0000000085e00000, 0x0000000085e00000|100%| O|  |TAMS 0x0000000085d00000| PB 0x0000000085d00000| Untracked |  0
|  94|0x0000000085e00000, 0x0000000085f00000, 0x0000000085f00000|100%| O|  |TAMS 0x0000000085e00000| PB 0x0000000085e00000| Untracked |  0
|  95|0x0000000085f00000, 0x0000000086000000, 0x0000000086000000|100%| O|  |TAMS 0x0000000085f00000| PB 0x0000000085f00000| Untracked |  0
|  96|0x0000000086000000, 0x0000000086100000, 0x0000000086100000|100%| O|  |TAMS 0x0000000086000000| PB 0x0000000086000000| Untracked |  0
|  97|0x0000000086100000, 0x0000000086200000, 0x0000000086200000|100%| O|  |TAMS 0x0000000086100000| PB 0x0000000086100000| Untracked |  0
|  98|0x0000000086200000, 0x0000000086200000, 0x0000000086300000|  0%| F|  |TAMS 0x0000000086200000| PB 0x0000000086200000| Untracked |  0
|  99|0x0000000086300000, 0x0000000086400000, 0x0000000086400000|100%| O|  |TAMS 0x0000000086300000| PB 0x0000000086300000| Untracked |  0
| 100|0x0000000086400000, 0x0000000086500000, 0x0000000086500000|100%| O|  |TAMS 0x0000000086400000| PB 0x0000000086400000| Untracked |  0
| 101|0x0000000086500000, 0x0000000086600000, 0x0000000086600000|100%| O|  |TAMS 0x0000000086500000| PB 0x0000000086500000| Untracked |  0
| 102|0x0000000086600000, 0x0000000086700000, 0x0000000086700000|100%| O|  |TAMS 0x0000000086600000| PB 0x0000000086600000| Untracked |  0
| 103|0x0000000086700000, 0x0000000086800000, 0x0000000086800000|100%| O|  |TAMS 0x0000000086700000| PB 0x0000000086700000| Untracked |  0
| 104|0x0000000086800000, 0x0000000086900000, 0x0000000086900000|100%| O|  |TAMS 0x0000000086800000| PB 0x0000000086800000| Untracked |  0
| 105|0x0000000086900000, 0x0000000086a00000, 0x0000000086a00000|100%| O|  |TAMS 0x0000000086900000| PB 0x0000000086900000| Untracked |  0
| 106|0x0000000086a00000, 0x0000000086b00000, 0x0000000086b00000|100%| O|  |TAMS 0x0000000086a00000| PB 0x0000000086a00000| Untracked |  0
| 107|0x0000000086b00000, 0x0000000086c00000, 0x0000000086c00000|100%| O|  |TAMS 0x0000000086b00000| PB 0x0000000086b00000| Untracked |  0
| 108|0x0000000086c00000, 0x0000000086d00000, 0x0000000086d00000|100%| O|  |TAMS 0x0000000086c00000| PB 0x0000000086c00000| Untracked |  0
| 109|0x0000000086d00000, 0x0000000086e00000, 0x0000000086e00000|100%| O|  |TAMS 0x0000000086d00000| PB 0x0000000086d00000| Untracked |  0
| 110|0x0000000086e00000, 0x0000000086f00000, 0x0000000086f00000|100%| O|  |TAMS 0x0000000086e00000| PB 0x0000000086e00000| Untracked |  0
| 111|0x0000000086f00000, 0x0000000087000000, 0x0000000087000000|100%| O|  |TAMS 0x0000000086f00000| PB 0x0000000086f00000| Untracked |  0
| 112|0x0000000087000000, 0x0000000087100000, 0x0000000087100000|100%| O|  |TAMS 0x0000000087000000| PB 0x0000000087000000| Untracked |  0
| 113|0x0000000087100000, 0x0000000087200000, 0x0000000087200000|100%| O|  |TAMS 0x0000000087100000| PB 0x0000000087100000| Untracked |  0
| 114|0x0000000087200000, 0x0000000087300000, 0x0000000087300000|100%| O|  |TAMS 0x0000000087200000| PB 0x0000000087200000| Untracked |  0
| 115|0x0000000087300000, 0x0000000087400000, 0x0000000087400000|100%| O|  |TAMS 0x0000000087300000| PB 0x0000000087300000| Untracked |  0
| 116|0x0000000087400000, 0x0000000087500000, 0x0000000087500000|100%| O|  |TAMS 0x0000000087400000| PB 0x0000000087400000| Untracked |  0
| 117|0x0000000087500000, 0x0000000087500000, 0x0000000087600000|  0%| F|  |TAMS 0x0000000087500000| PB 0x0000000087500000| Untracked |  0
| 118|0x0000000087600000, 0x0000000087700000, 0x0000000087700000|100%| O|  |TAMS 0x0000000087600000| PB 0x0000000087600000| Untracked |  0
| 119|0x0000000087700000, 0x0000000087800000, 0x0000000087800000|100%| O|  |TAMS 0x0000000087700000| PB 0x0000000087700000| Untracked |  0
| 120|0x0000000087800000, 0x0000000087900000, 0x0000000087900000|100%| O|  |TAMS 0x0000000087800000| PB 0x0000000087800000| Untracked |  0
| 121|0x0000000087900000, 0x0000000087a00000, 0x0000000087a00000|100%| O|  |TAMS 0x0000000087900000| PB 0x0000000087900000| Untracked |  0
| 122|0x0000000087a00000, 0x0000000087b00000, 0x0000000087b00000|100%| O|  |TAMS 0x0000000087a00000| PB 0x0000000087a00000| Untracked |  0
| 123|0x0000000087b00000, 0x0000000087b00000, 0x0000000087c00000|  0%| F|  |TAMS 0x0000000087b00000| PB 0x0000000087b00000| Untracked |  0
| 124|0x0000000087c00000, 0x0000000087c00000, 0x0000000087d00000|  0%| F|  |TAMS 0x0000000087c00000| PB 0x0000000087c00000| Untracked |  0
| 125|0x0000000087d00000, 0x0000000087d00000, 0x0000000087e00000|  0%| F|  |TAMS 0x0000000087d00000| PB 0x0000000087d00000| Untracked |  0
| 126|0x0000000087e00000, 0x0000000087f00000, 0x0000000087f00000|100%| O|  |TAMS 0x0000000087e00000| PB 0x0000000087e00000| Untracked |  0
| 127|0x0000000087f00000, 0x0000000088000000, 0x0000000088000000|100%| O|  |TAMS 0x0000000087f00000| PB 0x0000000087f00000| Untracked |  0
| 128|0x0000000088000000, 0x0000000088100000, 0x0000000088100000|100%| O|  |TAMS 0x0000000088000000| PB 0x0000000088000000| Untracked |  0
| 129|0x0000000088100000, 0x0000000088200000, 0x0000000088200000|100%| O|  |TAMS 0x0000000088100000| PB 0x0000000088100000| Untracked |  0
| 130|0x0000000088200000, 0x0000000088300000, 0x0000000088300000|100%| O|  |TAMS 0x0000000088200000| PB 0x0000000088200000| Untracked |  0
| 131|0x0000000088300000, 0x0000000088400000, 0x0000000088400000|100%| O|  |TAMS 0x0000000088300000| PB 0x0000000088300000| Untracked |  0
| 132|0x0000000088400000, 0x0000000088500000, 0x0000000088500000|100%| O|  |TAMS 0x0000000088400000| PB 0x0000000088400000| Untracked |  0
| 133|0x0000000088500000, 0x0000000088600000, 0x0000000088600000|100%| O|  |TAMS 0x0000000088500000| PB 0x0000000088500000| Untracked |  0
| 134|0x0000000088600000, 0x0000000088700000, 0x0000000088700000|100%| O|  |TAMS 0x0000000088600000| PB 0x0000000088600000| Untracked |  0
| 135|0x0000000088700000, 0x0000000088700000, 0x0000000088800000|  0%| F|  |TAMS 0x0000000088700000| PB 0x0000000088700000| Untracked |  0
| 136|0x0000000088800000, 0x0000000088900000, 0x0000000088900000|100%| O|  |TAMS 0x0000000088800000| PB 0x0000000088800000| Untracked |  0
| 137|0x0000000088900000, 0x0000000088a00000, 0x0000000088a00000|100%| O|  |TAMS 0x0000000088900000| PB 0x0000000088900000| Untracked |  0
| 138|0x0000000088a00000, 0x0000000088b00000, 0x0000000088b00000|100%| O|  |TAMS 0x0000000088a00000| PB 0x0000000088a00000| Untracked |  0
| 139|0x0000000088b00000, 0x0000000088c00000, 0x0000000088c00000|100%| O|  |TAMS 0x0000000088b00000| PB 0x0000000088b00000| Untracked |  0
| 140|0x0000000088c00000, 0x0000000088d00000, 0x0000000088d00000|100%| O|  |TAMS 0x0000000088c00000| PB 0x0000000088c00000| Untracked |  0
| 141|0x0000000088d00000, 0x0000000088d00000, 0x0000000088e00000|  0%| F|  |TAMS 0x0000000088d00000| PB 0x0000000088d00000| Untracked |  0
| 142|0x0000000088e00000, 0x0000000088e00000, 0x0000000088f00000|  0%| F|  |TAMS 0x0000000088e00000| PB 0x0000000088e00000| Untracked |  0
| 143|0x0000000088f00000, 0x0000000088f00000, 0x0000000089000000|  0%| F|  |TAMS 0x0000000088f00000| PB 0x0000000088f00000| Untracked |  0
| 144|0x0000000089000000, 0x0000000089000000, 0x0000000089100000|  0%| F|  |TAMS 0x0000000089000000| PB 0x0000000089000000| Untracked |  0
| 145|0x0000000089100000, 0x0000000089200000, 0x0000000089200000|100%| O|  |TAMS 0x0000000089100000| PB 0x0000000089100000| Untracked |  0
| 146|0x0000000089200000, 0x0000000089300000, 0x0000000089300000|100%| O|  |TAMS 0x0000000089200000| PB 0x0000000089200000| Untracked |  0
| 147|0x0000000089300000, 0x0000000089400000, 0x0000000089400000|100%| O|  |TAMS 0x0000000089300000| PB 0x0000000089300000| Untracked |  0
| 148|0x0000000089400000, 0x0000000089500000, 0x0000000089500000|100%| O|  |TAMS 0x0000000089400000| PB 0x0000000089400000| Untracked |  0
| 149|0x0000000089500000, 0x0000000089600000, 0x0000000089600000|100%| O|  |TAMS 0x0000000089500000| PB 0x0000000089500000| Untracked |  0
| 150|0x0000000089600000, 0x0000000089700000, 0x0000000089700000|100%| O|  |TAMS 0x0000000089600000| PB 0x0000000089600000| Untracked |  0
| 151|0x0000000089700000, 0x0000000089800000, 0x0000000089800000|100%| O|  |TAMS 0x0000000089700000| PB 0x0000000089700000| Untracked |  0
| 152|0x0000000089800000, 0x0000000089900000, 0x0000000089900000|100%| O|  |TAMS 0x0000000089800000| PB 0x0000000089800000| Untracked |  0
| 153|0x0000000089900000, 0x0000000089a00000, 0x0000000089a00000|100%| O|  |TAMS 0x0000000089900000| PB 0x0000000089900000| Untracked |  0
| 154|0x0000000089a00000, 0x0000000089a00000, 0x0000000089b00000|  0%| F|  |TAMS 0x0000000089a00000| PB 0x0000000089a00000| Untracked |  0
| 155|0x0000000089b00000, 0x0000000089b00000, 0x0000000089c00000|  0%| F|  |TAMS 0x0000000089b00000| PB 0x0000000089b00000| Untracked |  0
| 156|0x0000000089c00000, 0x0000000089d00000, 0x0000000089d00000|100%| O|  |TAMS 0x0000000089c00000| PB 0x0000000089c00000| Untracked |  0
| 157|0x0000000089d00000, 0x0000000089e00000, 0x0000000089e00000|100%| O|  |TAMS 0x0000000089d00000| PB 0x0000000089d00000| Untracked |  0
| 158|0x0000000089e00000, 0x0000000089f00000, 0x0000000089f00000|100%| O|  |TAMS 0x0000000089e00000| PB 0x0000000089e00000| Untracked |  0
| 159|0x0000000089f00000, 0x000000008a000000, 0x000000008a000000|100%| O|  |TAMS 0x0000000089f00000| PB 0x0000000089f00000| Untracked |  0
| 160|0x000000008a000000, 0x000000008a100000, 0x000000008a100000|100%| O|  |TAMS 0x000000008a000000| PB 0x000000008a000000| Untracked |  0
| 161|0x000000008a100000, 0x000000008a200000, 0x000000008a200000|100%| O|  |TAMS 0x000000008a100000| PB 0x000000008a100000| Untracked |  0
| 162|0x000000008a200000, 0x000000008a300000, 0x000000008a300000|100%| O|  |TAMS 0x000000008a200000| PB 0x000000008a200000| Untracked |  0
| 163|0x000000008a300000, 0x000000008a400000, 0x000000008a400000|100%| O|  |TAMS 0x000000008a300000| PB 0x000000008a300000| Untracked |  0
| 164|0x000000008a400000, 0x000000008a500000, 0x000000008a500000|100%| O|  |TAMS 0x000000008a400000| PB 0x000000008a400000| Untracked |  0
| 165|0x000000008a500000, 0x000000008a600000, 0x000000008a600000|100%| O|  |TAMS 0x000000008a500000| PB 0x000000008a500000| Untracked |  0
| 166|0x000000008a600000, 0x000000008a700000, 0x000000008a700000|100%| O|  |TAMS 0x000000008a600000| PB 0x000000008a600000| Untracked |  0
| 167|0x000000008a700000, 0x000000008a700000, 0x000000008a800000|  0%| F|  |TAMS 0x000000008a700000| PB 0x000000008a700000| Untracked |  0
| 168|0x000000008a800000, 0x000000008a800000, 0x000000008a900000|  0%| F|  |TAMS 0x000000008a800000| PB 0x000000008a800000| Untracked |  0
| 169|0x000000008a900000, 0x000000008a900000, 0x000000008aa00000|  0%| F|  |TAMS 0x000000008a900000| PB 0x000000008a900000| Untracked |  0
| 170|0x000000008aa00000, 0x000000008aa00000, 0x000000008ab00000|  0%| F|  |TAMS 0x000000008aa00000| PB 0x000000008aa00000| Untracked |  0
| 171|0x000000008ab00000, 0x000000008ac00000, 0x000000008ac00000|100%| O|  |TAMS 0x000000008ab00000| PB 0x000000008ab00000| Untracked |  0
| 172|0x000000008ac00000, 0x000000008ad00000, 0x000000008ad00000|100%| O|  |TAMS 0x000000008ac00000| PB 0x000000008ac00000| Untracked |  0
| 173|0x000000008ad00000, 0x000000008ae00000, 0x000000008ae00000|100%| O|  |TAMS 0x000000008ad00000| PB 0x000000008ad00000| Untracked |  0
| 174|0x000000008ae00000, 0x000000008af00000, 0x000000008af00000|100%| O|  |TAMS 0x000000008ae00000| PB 0x000000008ae00000| Untracked |  0
| 175|0x000000008af00000, 0x000000008af00000, 0x000000008b000000|  0%| F|  |TAMS 0x000000008af00000| PB 0x000000008af00000| Untracked |  0
| 176|0x000000008b000000, 0x000000008b000000, 0x000000008b100000|  0%| F|  |TAMS 0x000000008b000000| PB 0x000000008b000000| Untracked |  0
| 177|0x000000008b100000, 0x000000008b100000, 0x000000008b200000|  0%| F|  |TAMS 0x000000008b100000| PB 0x000000008b100000| Untracked |  0
| 178|0x000000008b200000, 0x000000008b300000, 0x000000008b300000|100%| O|  |TAMS 0x000000008b200000| PB 0x000000008b200000| Untracked |  0
| 179|0x000000008b300000, 0x000000008b400000, 0x000000008b400000|100%| O|  |TAMS 0x000000008b300000| PB 0x000000008b300000| Untracked |  0
| 180|0x000000008b400000, 0x000000008b500000, 0x000000008b500000|100%| O|  |TAMS 0x000000008b400000| PB 0x000000008b400000| Untracked |  0
| 181|0x000000008b500000, 0x000000008b500000, 0x000000008b600000|  0%| F|  |TAMS 0x000000008b500000| PB 0x000000008b500000| Untracked |  0
| 182|0x000000008b600000, 0x000000008b600000, 0x000000008b700000|  0%| F|  |TAMS 0x000000008b600000| PB 0x000000008b600000| Untracked |  0
| 183|0x000000008b700000, 0x000000008b700000, 0x000000008b800000|  0%| F|  |TAMS 0x000000008b700000| PB 0x000000008b700000| Untracked |  0
| 184|0x000000008b800000, 0x000000008b900000, 0x000000008b900000|100%| O|  |TAMS 0x000000008b800000| PB 0x000000008b800000| Untracked |  0
| 185|0x000000008b900000, 0x000000008ba00000, 0x000000008ba00000|100%| O|  |TAMS 0x000000008b900000| PB 0x000000008b900000| Untracked |  0
| 186|0x000000008ba00000, 0x000000008bb00000, 0x000000008bb00000|100%| O|  |TAMS 0x000000008ba00000| PB 0x000000008ba00000| Untracked |  0
| 187|0x000000008bb00000, 0x000000008bc00000, 0x000000008bc00000|100%| O|  |TAMS 0x000000008bb00000| PB 0x000000008bb00000| Untracked |  0
| 188|0x000000008bc00000, 0x000000008bd00000, 0x000000008bd00000|100%| O|  |TAMS 0x000000008bc00000| PB 0x000000008bc00000| Untracked |  0
| 189|0x000000008bd00000, 0x000000008be00000, 0x000000008be00000|100%| O|  |TAMS 0x000000008bd00000| PB 0x000000008bd00000| Untracked |  0
| 190|0x000000008be00000, 0x000000008bf00000, 0x000000008bf00000|100%| O|  |TAMS 0x000000008be00000| PB 0x000000008be00000| Untracked |  0
| 191|0x000000008bf00000, 0x000000008c000000, 0x000000008c000000|100%| O|  |TAMS 0x000000008bf00000| PB 0x000000008bf00000| Untracked |  0
| 192|0x000000008c000000, 0x000000008c100000, 0x000000008c100000|100%| O|  |TAMS 0x000000008c000000| PB 0x000000008c000000| Untracked |  0
| 193|0x000000008c100000, 0x000000008c200000, 0x000000008c200000|100%| O|  |TAMS 0x000000008c100000| PB 0x000000008c100000| Untracked |  0
| 194|0x000000008c200000, 0x000000008c300000, 0x000000008c300000|100%| O|  |TAMS 0x000000008c200000| PB 0x000000008c200000| Untracked |  0
| 195|0x000000008c300000, 0x000000008c400000, 0x000000008c400000|100%| O|  |TAMS 0x000000008c300000| PB 0x000000008c300000| Untracked |  0
| 196|0x000000008c400000, 0x000000008c500000, 0x000000008c500000|100%| O|  |TAMS 0x000000008c400000| PB 0x000000008c400000| Untracked |  0
| 197|0x000000008c500000, 0x000000008c600000, 0x000000008c600000|100%| O|  |TAMS 0x000000008c500000| PB 0x000000008c500000| Untracked |  0
| 198|0x000000008c600000, 0x000000008c700000, 0x000000008c700000|100%| O|  |TAMS 0x000000008c600000| PB 0x000000008c600000| Untracked |  0
| 199|0x000000008c700000, 0x000000008c800000, 0x000000008c800000|100%| O|  |TAMS 0x000000008c700000| PB 0x000000008c700000| Untracked |  0
| 200|0x000000008c800000, 0x000000008c800000, 0x000000008c900000|  0%| F|  |TAMS 0x000000008c800000| PB 0x000000008c800000| Untracked |  0
| 201|0x000000008c900000, 0x000000008ca00000, 0x000000008ca00000|100%| O|  |TAMS 0x000000008c900000| PB 0x000000008c900000| Untracked |  0
| 202|0x000000008ca00000, 0x000000008cb00000, 0x000000008cb00000|100%| O|  |TAMS 0x000000008ca00000| PB 0x000000008ca00000| Untracked |  0
| 203|0x000000008cb00000, 0x000000008cc00000, 0x000000008cc00000|100%| O|  |TAMS 0x000000008cb00000| PB 0x000000008cb00000| Untracked |  0
| 204|0x000000008cc00000, 0x000000008cd00000, 0x000000008cd00000|100%| O|  |TAMS 0x000000008cc00000| PB 0x000000008cc00000| Untracked |  0
| 205|0x000000008cd00000, 0x000000008cd00000, 0x000000008ce00000|  0%| F|  |TAMS 0x000000008cd00000| PB 0x000000008cd00000| Untracked |  0
| 206|0x000000008ce00000, 0x000000008ce00000, 0x000000008cf00000|  0%| F|  |TAMS 0x000000008ce00000| PB 0x000000008ce00000| Untracked |  0
| 207|0x000000008cf00000, 0x000000008cf00000, 0x000000008d000000|  0%| F|  |TAMS 0x000000008cf00000| PB 0x000000008cf00000| Untracked |  0
| 208|0x000000008d000000, 0x000000008d000000, 0x000000008d100000|  0%| F|  |TAMS 0x000000008d000000| PB 0x000000008d000000| Untracked |  0
| 209|0x000000008d100000, 0x000000008d100000, 0x000000008d200000|  0%| F|  |TAMS 0x000000008d100000| PB 0x000000008d100000| Untracked |  0
| 210|0x000000008d200000, 0x000000008d200000, 0x000000008d300000|  0%| F|  |TAMS 0x000000008d200000| PB 0x000000008d200000| Untracked |  0
| 211|0x000000008d300000, 0x000000008d300000, 0x000000008d400000|  0%| F|  |TAMS 0x000000008d300000| PB 0x000000008d300000| Untracked |  0
| 212|0x000000008d400000, 0x000000008d400000, 0x000000008d500000|  0%| F|  |TAMS 0x000000008d400000| PB 0x000000008d400000| Untracked |  0
| 213|0x000000008d500000, 0x000000008d500000, 0x000000008d600000|  0%| F|  |TAMS 0x000000008d500000| PB 0x000000008d500000| Untracked |  0
| 214|0x000000008d600000, 0x000000008d700000, 0x000000008d700000|100%| O|  |TAMS 0x000000008d600000| PB 0x000000008d600000| Untracked |  0
| 215|0x000000008d700000, 0x000000008d800000, 0x000000008d800000|100%| O|  |TAMS 0x000000008d700000| PB 0x000000008d700000| Untracked |  0
| 216|0x000000008d800000, 0x000000008d900000, 0x000000008d900000|100%| O|  |TAMS 0x000000008d800000| PB 0x000000008d800000| Untracked |  0
| 217|0x000000008d900000, 0x000000008da00000, 0x000000008da00000|100%| O|  |TAMS 0x000000008d900000| PB 0x000000008d900000| Untracked |  0
| 218|0x000000008da00000, 0x000000008db00000, 0x000000008db00000|100%| O|  |TAMS 0x000000008da00000| PB 0x000000008da00000| Untracked |  0
| 219|0x000000008db00000, 0x000000008dc00000, 0x000000008dc00000|100%| O|  |TAMS 0x000000008db00000| PB 0x000000008db00000| Untracked |  0
| 220|0x000000008dc00000, 0x000000008dc00000, 0x000000008dd00000|  0%| F|  |TAMS 0x000000008dc00000| PB 0x000000008dc00000| Untracked |  0
| 221|0x000000008dd00000, 0x000000008dd00000, 0x000000008de00000|  0%| F|  |TAMS 0x000000008dd00000| PB 0x000000008dd00000| Untracked |  0
| 222|0x000000008de00000, 0x000000008de00000, 0x000000008df00000|  0%| F|  |TAMS 0x000000008de00000| PB 0x000000008de00000| Untracked |  0
| 223|0x000000008df00000, 0x000000008df00000, 0x000000008e000000|  0%| F|  |TAMS 0x000000008df00000| PB 0x000000008df00000| Untracked |  0
| 224|0x000000008e000000, 0x000000008e000000, 0x000000008e100000|  0%| F|  |TAMS 0x000000008e000000| PB 0x000000008e000000| Untracked |  0
| 225|0x000000008e100000, 0x000000008e100000, 0x000000008e200000|  0%| F|  |TAMS 0x000000008e100000| PB 0x000000008e100000| Untracked |  0
| 226|0x000000008e200000, 0x000000008e200000, 0x000000008e300000|  0%| F|  |TAMS 0x000000008e200000| PB 0x000000008e200000| Untracked |  0
| 227|0x000000008e300000, 0x000000008e300000, 0x000000008e400000|  0%| F|  |TAMS 0x000000008e300000| PB 0x000000008e300000| Untracked |  0
| 228|0x000000008e400000, 0x000000008e400000, 0x000000008e500000|  0%| F|  |TAMS 0x000000008e400000| PB 0x000000008e400000| Untracked |  0
| 229|0x000000008e500000, 0x000000008e500000, 0x000000008e600000|  0%| F|  |TAMS 0x000000008e500000| PB 0x000000008e500000| Untracked |  0
| 230|0x000000008e600000, 0x000000008e600000, 0x000000008e700000|  0%| F|  |TAMS 0x000000008e600000| PB 0x000000008e600000| Untracked |  0
| 231|0x000000008e700000, 0x000000008e700000, 0x000000008e800000|  0%| F|  |TAMS 0x000000008e700000| PB 0x000000008e700000| Untracked |  0
| 232|0x000000008e800000, 0x000000008e800000, 0x000000008e900000|  0%| F|  |TAMS 0x000000008e800000| PB 0x000000008e800000| Untracked |  0
| 233|0x000000008e900000, 0x000000008e900000, 0x000000008ea00000|  0%| F|  |TAMS 0x000000008e900000| PB 0x000000008e900000| Untracked |  0
| 234|0x000000008ea00000, 0x000000008ea00000, 0x000000008eb00000|  0%| F|  |TAMS 0x000000008ea00000| PB 0x000000008ea00000| Untracked |  0
| 235|0x000000008eb00000, 0x000000008eb00000, 0x000000008ec00000|  0%| F|  |TAMS 0x000000008eb00000| PB 0x000000008eb00000| Untracked |  0
| 236|0x000000008ec00000, 0x000000008ec00000, 0x000000008ed00000|  0%| F|  |TAMS 0x000000008ec00000| PB 0x000000008ec00000| Untracked |  0
| 237|0x000000008ed00000, 0x000000008ed00000, 0x000000008ee00000|  0%| F|  |TAMS 0x000000008ed00000| PB 0x000000008ed00000| Untracked |  0
| 238|0x000000008ee00000, 0x000000008ee00000, 0x000000008ef00000|  0%| F|  |TAMS 0x000000008ee00000| PB 0x000000008ee00000| Untracked |  0
| 239|0x000000008ef00000, 0x000000008ef00000, 0x000000008f000000|  0%| F|  |TAMS 0x000000008ef00000| PB 0x000000008ef00000| Untracked |  0
| 240|0x000000008f000000, 0x000000008f000000, 0x000000008f100000|  0%| F|  |TAMS 0x000000008f000000| PB 0x000000008f000000| Untracked |  0
| 241|0x000000008f100000, 0x000000008f100000, 0x000000008f200000|  0%| F|  |TAMS 0x000000008f100000| PB 0x000000008f100000| Untracked |  0
| 242|0x000000008f200000, 0x000000008f200000, 0x000000008f300000|  0%| F|  |TAMS 0x000000008f200000| PB 0x000000008f200000| Untracked |  0
| 243|0x000000008f300000, 0x000000008f300000, 0x000000008f400000|  0%| F|  |TAMS 0x000000008f300000| PB 0x000000008f300000| Untracked |  0
| 244|0x000000008f400000, 0x000000008f400000, 0x000000008f500000|  0%| F|  |TAMS 0x000000008f400000| PB 0x000000008f400000| Untracked |  0
| 245|0x000000008f500000, 0x000000008f500000, 0x000000008f600000|  0%| F|  |TAMS 0x000000008f500000| PB 0x000000008f500000| Untracked |  0
| 246|0x000000008f600000, 0x000000008f600000, 0x000000008f700000|  0%| F|  |TAMS 0x000000008f600000| PB 0x000000008f600000| Untracked |  0
| 247|0x000000008f700000, 0x000000008f700000, 0x000000008f800000|  0%| F|  |TAMS 0x000000008f700000| PB 0x000000008f700000| Untracked |  0
| 248|0x000000008f800000, 0x000000008f800000, 0x000000008f900000|  0%| F|  |TAMS 0x000000008f800000| PB 0x000000008f800000| Untracked |  0
| 249|0x000000008f900000, 0x000000008f900000, 0x000000008fa00000|  0%| F|  |TAMS 0x000000008f900000| PB 0x000000008f900000| Untracked |  0
| 250|0x000000008fa00000, 0x000000008fa00000, 0x000000008fb00000|  0%| F|  |TAMS 0x000000008fa00000| PB 0x000000008fa00000| Untracked |  0
| 251|0x000000008fb00000, 0x000000008fb00000, 0x000000008fc00000|  0%| F|  |TAMS 0x000000008fb00000| PB 0x000000008fb00000| Untracked |  0
| 252|0x000000008fc00000, 0x000000008fc00000, 0x000000008fd00000|  0%| F|  |TAMS 0x000000008fc00000| PB 0x000000008fc00000| Untracked |  0
| 253|0x000000008fd00000, 0x000000008fd00000, 0x000000008fe00000|  0%| F|  |TAMS 0x000000008fd00000| PB 0x000000008fd00000| Untracked |  0
| 254|0x000000008fe00000, 0x000000008fe00000, 0x000000008ff00000|  0%| F|  |TAMS 0x000000008fe00000| PB 0x000000008fe00000| Untracked |  0
| 255|0x000000008ff00000, 0x000000008ff00000, 0x0000000090000000|  0%| F|  |TAMS 0x000000008ff00000| PB 0x000000008ff00000| Untracked |  0
| 256|0x0000000090000000, 0x0000000090000000, 0x0000000090100000|  0%| F|  |TAMS 0x0000000090000000| PB 0x0000000090000000| Untracked |  0
| 257|0x0000000090100000, 0x0000000090100000, 0x0000000090200000|  0%| F|  |TAMS 0x0000000090100000| PB 0x0000000090100000| Untracked |  0
| 258|0x0000000090200000, 0x0000000090200000, 0x0000000090300000|  0%| F|  |TAMS 0x0000000090200000| PB 0x0000000090200000| Untracked |  0
| 259|0x0000000090300000, 0x0000000090300000, 0x0000000090400000|  0%| F|  |TAMS 0x0000000090300000| PB 0x0000000090300000| Untracked |  0
| 260|0x0000000090400000, 0x0000000090400000, 0x0000000090500000|  0%| F|  |TAMS 0x0000000090400000| PB 0x0000000090400000| Untracked |  0
| 261|0x0000000090500000, 0x0000000090500000, 0x0000000090600000|  0%| F|  |TAMS 0x0000000090500000| PB 0x0000000090500000| Untracked |  0
| 262|0x0000000090600000, 0x0000000090600000, 0x0000000090700000|  0%| F|  |TAMS 0x0000000090600000| PB 0x0000000090600000| Untracked |  0
| 263|0x0000000090700000, 0x0000000090700000, 0x0000000090800000|  0%| F|  |TAMS 0x0000000090700000| PB 0x0000000090700000| Untracked |  0
| 264|0x0000000090800000, 0x0000000090800000, 0x0000000090900000|  0%| F|  |TAMS 0x0000000090800000| PB 0x0000000090800000| Untracked |  0
| 265|0x0000000090900000, 0x0000000090900000, 0x0000000090a00000|  0%| F|  |TAMS 0x0000000090900000| PB 0x0000000090900000| Untracked |  0
| 266|0x0000000090a00000, 0x0000000090a00000, 0x0000000090b00000|  0%| F|  |TAMS 0x0000000090a00000| PB 0x0000000090a00000| Untracked |  0
| 267|0x0000000090b00000, 0x0000000090b00000, 0x0000000090c00000|  0%| F|  |TAMS 0x0000000090b00000| PB 0x0000000090b00000| Untracked |  0
| 268|0x0000000090c00000, 0x0000000090c00000, 0x0000000090d00000|  0%| F|  |TAMS 0x0000000090c00000| PB 0x0000000090c00000| Untracked |  0
| 269|0x0000000090d00000, 0x0000000090d00000, 0x0000000090e00000|  0%| F|  |TAMS 0x0000000090d00000| PB 0x0000000090d00000| Untracked |  0
| 270|0x0000000090e00000, 0x0000000090e00000, 0x0000000090f00000|  0%| F|  |TAMS 0x0000000090e00000| PB 0x0000000090e00000| Untracked |  0
| 271|0x0000000090f00000, 0x0000000090f00000, 0x0000000091000000|  0%| F|  |TAMS 0x0000000090f00000| PB 0x0000000090f00000| Untracked |  0
| 272|0x0000000091000000, 0x0000000091000000, 0x0000000091100000|  0%| F|  |TAMS 0x0000000091000000| PB 0x0000000091000000| Untracked |  0
| 273|0x0000000091100000, 0x0000000091100000, 0x0000000091200000|  0%| F|  |TAMS 0x0000000091100000| PB 0x0000000091100000| Untracked |  0
| 274|0x0000000091200000, 0x0000000091200000, 0x0000000091300000|  0%| F|  |TAMS 0x0000000091200000| PB 0x0000000091200000| Untracked |  0
| 275|0x0000000091300000, 0x0000000091300000, 0x0000000091400000|  0%| F|  |TAMS 0x0000000091300000| PB 0x0000000091300000| Untracked |  0
| 276|0x0000000091400000, 0x0000000091400000, 0x0000000091500000|  0%| F|  |TAMS 0x0000000091400000| PB 0x0000000091400000| Untracked |  0
| 277|0x0000000091500000, 0x0000000091500000, 0x0000000091600000|  0%| F|  |TAMS 0x0000000091500000| PB 0x0000000091500000| Untracked |  0
| 278|0x0000000091600000, 0x0000000091600000, 0x0000000091700000|  0%| F|  |TAMS 0x0000000091600000| PB 0x0000000091600000| Untracked |  0
| 279|0x0000000091700000, 0x0000000091700000, 0x0000000091800000|  0%| F|  |TAMS 0x0000000091700000| PB 0x0000000091700000| Untracked |  0
| 280|0x0000000091800000, 0x0000000091800000, 0x0000000091900000|  0%| F|  |TAMS 0x0000000091800000| PB 0x0000000091800000| Untracked |  0
| 281|0x0000000091900000, 0x0000000091900000, 0x0000000091a00000|  0%| F|  |TAMS 0x0000000091900000| PB 0x0000000091900000| Untracked |  0
| 282|0x0000000091a00000, 0x0000000091a00000, 0x0000000091b00000|  0%| F|  |TAMS 0x0000000091a00000| PB 0x0000000091a00000| Untracked |  0
| 283|0x0000000091b00000, 0x0000000091b00000, 0x0000000091c00000|  0%| F|  |TAMS 0x0000000091b00000| PB 0x0000000091b00000| Untracked |  0
| 284|0x0000000091c00000, 0x0000000091c00000, 0x0000000091d00000|  0%| F|  |TAMS 0x0000000091c00000| PB 0x0000000091c00000| Untracked |  0
| 285|0x0000000091d00000, 0x0000000091d00000, 0x0000000091e00000|  0%| F|  |TAMS 0x0000000091d00000| PB 0x0000000091d00000| Untracked |  0
| 286|0x0000000091e00000, 0x0000000091e00000, 0x0000000091f00000|  0%| F|  |TAMS 0x0000000091e00000| PB 0x0000000091e00000| Untracked |  0
| 287|0x0000000091f00000, 0x0000000091f00000, 0x0000000092000000|  0%| F|  |TAMS 0x0000000091f00000| PB 0x0000000091f00000| Untracked |  0
| 288|0x0000000092000000, 0x0000000092000000, 0x0000000092100000|  0%| F|  |TAMS 0x0000000092000000| PB 0x0000000092000000| Untracked |  0
| 289|0x0000000092100000, 0x0000000092100000, 0x0000000092200000|  0%| F|  |TAMS 0x0000000092100000| PB 0x0000000092100000| Untracked |  0
| 290|0x0000000092200000, 0x0000000092200000, 0x0000000092300000|  0%| F|  |TAMS 0x0000000092200000| PB 0x0000000092200000| Untracked |  0
| 291|0x0000000092300000, 0x0000000092300000, 0x0000000092400000|  0%| F|  |TAMS 0x0000000092300000| PB 0x0000000092300000| Untracked |  0
| 292|0x0000000092400000, 0x0000000092400000, 0x0000000092500000|  0%| F|  |TAMS 0x0000000092400000| PB 0x0000000092400000| Untracked |  0
| 293|0x0000000092500000, 0x0000000092500000, 0x0000000092600000|  0%| F|  |TAMS 0x0000000092500000| PB 0x0000000092500000| Untracked |  0
| 294|0x0000000092600000, 0x0000000092600000, 0x0000000092700000|  0%| F|  |TAMS 0x0000000092600000| PB 0x0000000092600000| Untracked |  0
| 295|0x0000000092700000, 0x0000000092700000, 0x0000000092800000|  0%| F|  |TAMS 0x0000000092700000| PB 0x0000000092700000| Untracked |  0
| 296|0x0000000092800000, 0x0000000092800000, 0x0000000092900000|  0%| F|  |TAMS 0x0000000092800000| PB 0x0000000092800000| Untracked |  0
| 297|0x0000000092900000, 0x0000000092900000, 0x0000000092a00000|  0%| F|  |TAMS 0x0000000092900000| PB 0x0000000092900000| Untracked |  0
| 298|0x0000000092a00000, 0x0000000092a00000, 0x0000000092b00000|  0%| F|  |TAMS 0x0000000092a00000| PB 0x0000000092a00000| Untracked |  0
| 299|0x0000000092b00000, 0x0000000092b00000, 0x0000000092c00000|  0%| F|  |TAMS 0x0000000092b00000| PB 0x0000000092b00000| Untracked |  0
| 300|0x0000000092c00000, 0x0000000092c00000, 0x0000000092d00000|  0%| F|  |TAMS 0x0000000092c00000| PB 0x0000000092c00000| Untracked |  0
| 301|0x0000000092d00000, 0x0000000092d00000, 0x0000000092e00000|  0%| F|  |TAMS 0x0000000092d00000| PB 0x0000000092d00000| Untracked |  0
| 302|0x0000000092e00000, 0x0000000092e00000, 0x0000000092f00000|  0%| F|  |TAMS 0x0000000092e00000| PB 0x0000000092e00000| Untracked |  0
| 303|0x0000000092f00000, 0x0000000092f00000, 0x0000000093000000|  0%| F|  |TAMS 0x0000000092f00000| PB 0x0000000092f00000| Untracked |  0
| 304|0x0000000093000000, 0x0000000093000000, 0x0000000093100000|  0%| F|  |TAMS 0x0000000093000000| PB 0x0000000093000000| Untracked |  0
| 305|0x0000000093100000, 0x0000000093100000, 0x0000000093200000|  0%| F|  |TAMS 0x0000000093100000| PB 0x0000000093100000| Untracked |  0
| 306|0x0000000093200000, 0x0000000093200000, 0x0000000093300000|  0%| F|  |TAMS 0x0000000093200000| PB 0x0000000093200000| Untracked |  0
| 307|0x0000000093300000, 0x0000000093300000, 0x0000000093400000|  0%| F|  |TAMS 0x0000000093300000| PB 0x0000000093300000| Untracked |  0
| 308|0x0000000093400000, 0x0000000093400000, 0x0000000093500000|  0%| F|  |TAMS 0x0000000093400000| PB 0x0000000093400000| Untracked |  0
| 309|0x0000000093500000, 0x0000000093500000, 0x0000000093600000|  0%| F|  |TAMS 0x0000000093500000| PB 0x0000000093500000| Untracked |  0
| 310|0x0000000093600000, 0x0000000093600000, 0x0000000093700000|  0%| F|  |TAMS 0x0000000093600000| PB 0x0000000093600000| Untracked |  0
| 311|0x0000000093700000, 0x0000000093700000, 0x0000000093800000|  0%| F|  |TAMS 0x0000000093700000| PB 0x0000000093700000| Untracked |  0
| 312|0x0000000093800000, 0x0000000093800000, 0x0000000093900000|  0%| F|  |TAMS 0x0000000093800000| PB 0x0000000093800000| Untracked |  0
| 313|0x0000000093900000, 0x0000000093900000, 0x0000000093a00000|  0%| F|  |TAMS 0x0000000093900000| PB 0x0000000093900000| Untracked |  0
| 314|0x0000000093a00000, 0x0000000093a00000, 0x0000000093b00000|  0%| F|  |TAMS 0x0000000093a00000| PB 0x0000000093a00000| Untracked |  0
| 315|0x0000000093b00000, 0x0000000093b00000, 0x0000000093c00000|  0%| F|  |TAMS 0x0000000093b00000| PB 0x0000000093b00000| Untracked |  0
| 316|0x0000000093c00000, 0x0000000093c00000, 0x0000000093d00000|  0%| F|  |TAMS 0x0000000093c00000| PB 0x0000000093c00000| Untracked |  0
| 317|0x0000000093d00000, 0x0000000093d00000, 0x0000000093e00000|  0%| F|  |TAMS 0x0000000093d00000| PB 0x0000000093d00000| Untracked |  0
| 318|0x0000000093e00000, 0x0000000093e00000, 0x0000000093f00000|  0%| F|  |TAMS 0x0000000093e00000| PB 0x0000000093e00000| Untracked |  0
| 319|0x0000000093f00000, 0x0000000093f00000, 0x0000000094000000|  0%| F|  |TAMS 0x0000000093f00000| PB 0x0000000093f00000| Untracked |  0
| 320|0x0000000094000000, 0x0000000094000000, 0x0000000094100000|  0%| F|  |TAMS 0x0000000094000000| PB 0x0000000094000000| Untracked |  0
| 321|0x0000000094100000, 0x0000000094100000, 0x0000000094200000|  0%| F|  |TAMS 0x0000000094100000| PB 0x0000000094100000| Untracked |  0
| 322|0x0000000094200000, 0x0000000094200000, 0x0000000094300000|  0%| F|  |TAMS 0x0000000094200000| PB 0x0000000094200000| Untracked |  0
| 323|0x0000000094300000, 0x0000000094300000, 0x0000000094400000|  0%| F|  |TAMS 0x0000000094300000| PB 0x0000000094300000| Untracked |  0
| 324|0x0000000094400000, 0x0000000094400000, 0x0000000094500000|  0%| F|  |TAMS 0x0000000094400000| PB 0x0000000094400000| Untracked |  0
| 325|0x0000000094500000, 0x0000000094500000, 0x0000000094600000|  0%| F|  |TAMS 0x0000000094500000| PB 0x0000000094500000| Untracked |  0
| 326|0x0000000094600000, 0x0000000094600000, 0x0000000094700000|  0%| F|  |TAMS 0x0000000094600000| PB 0x0000000094600000| Untracked |  0
| 327|0x0000000094700000, 0x0000000094700000, 0x0000000094800000|  0%| F|  |TAMS 0x0000000094700000| PB 0x0000000094700000| Untracked |  0
| 328|0x0000000094800000, 0x0000000094800000, 0x0000000094900000|  0%| F|  |TAMS 0x0000000094800000| PB 0x0000000094800000| Untracked |  0
| 329|0x0000000094900000, 0x0000000094900000, 0x0000000094a00000|  0%| F|  |TAMS 0x0000000094900000| PB 0x0000000094900000| Untracked |  0
| 330|0x0000000094a00000, 0x0000000094a00000, 0x0000000094b00000|  0%| F|  |TAMS 0x0000000094a00000| PB 0x0000000094a00000| Untracked |  0
| 331|0x0000000094b00000, 0x0000000094b00000, 0x0000000094c00000|  0%| F|  |TAMS 0x0000000094b00000| PB 0x0000000094b00000| Untracked |  0
| 332|0x0000000094c00000, 0x0000000094c00000, 0x0000000094d00000|  0%| F|  |TAMS 0x0000000094c00000| PB 0x0000000094c00000| Untracked |  0
| 333|0x0000000094d00000, 0x0000000094d00000, 0x0000000094e00000|  0%| F|  |TAMS 0x0000000094d00000| PB 0x0000000094d00000| Untracked |  0
| 334|0x0000000094e00000, 0x0000000094e00000, 0x0000000094f00000|  0%| F|  |TAMS 0x0000000094e00000| PB 0x0000000094e00000| Untracked |  0
| 335|0x0000000094f00000, 0x0000000094f00000, 0x0000000095000000|  0%| F|  |TAMS 0x0000000094f00000| PB 0x0000000094f00000| Untracked |  0
| 336|0x0000000095000000, 0x0000000095000000, 0x0000000095100000|  0%| F|  |TAMS 0x0000000095000000| PB 0x0000000095000000| Untracked |  0
| 337|0x0000000095100000, 0x0000000095100000, 0x0000000095200000|  0%| F|  |TAMS 0x0000000095100000| PB 0x0000000095100000| Untracked |  0
| 338|0x0000000095200000, 0x0000000095200000, 0x0000000095300000|  0%| F|  |TAMS 0x0000000095200000| PB 0x0000000095200000| Untracked |  0
| 339|0x0000000095300000, 0x0000000095300000, 0x0000000095400000|  0%| F|  |TAMS 0x0000000095300000| PB 0x0000000095300000| Untracked |  0
| 340|0x0000000095400000, 0x0000000095400000, 0x0000000095500000|  0%| F|  |TAMS 0x0000000095400000| PB 0x0000000095400000| Untracked |  0
| 341|0x0000000095500000, 0x0000000095500000, 0x0000000095600000|  0%| F|  |TAMS 0x0000000095500000| PB 0x0000000095500000| Untracked |  0
| 342|0x0000000095600000, 0x0000000095600000, 0x0000000095700000|  0%| F|  |TAMS 0x0000000095600000| PB 0x0000000095600000| Untracked |  0
| 343|0x0000000095700000, 0x0000000095700000, 0x0000000095800000|  0%| F|  |TAMS 0x0000000095700000| PB 0x0000000095700000| Untracked |  0
| 344|0x0000000095800000, 0x0000000095800000, 0x0000000095900000|  0%| F|  |TAMS 0x0000000095800000| PB 0x0000000095800000| Untracked |  0
| 345|0x0000000095900000, 0x0000000095900000, 0x0000000095a00000|  0%| F|  |TAMS 0x0000000095900000| PB 0x0000000095900000| Untracked |  0
| 346|0x0000000095a00000, 0x0000000095a00000, 0x0000000095b00000|  0%| F|  |TAMS 0x0000000095a00000| PB 0x0000000095a00000| Untracked |  0
| 347|0x0000000095b00000, 0x0000000095b00000, 0x0000000095c00000|  0%| F|  |TAMS 0x0000000095b00000| PB 0x0000000095b00000| Untracked |  0
| 348|0x0000000095c00000, 0x0000000095c00000, 0x0000000095d00000|  0%| F|  |TAMS 0x0000000095c00000| PB 0x0000000095c00000| Untracked |  0
| 349|0x0000000095d00000, 0x0000000095d00000, 0x0000000095e00000|  0%| F|  |TAMS 0x0000000095d00000| PB 0x0000000095d00000| Untracked |  0
| 350|0x0000000095e00000, 0x0000000095e00000, 0x0000000095f00000|  0%| F|  |TAMS 0x0000000095e00000| PB 0x0000000095e00000| Untracked |  0
| 351|0x0000000095f00000, 0x0000000095f00000, 0x0000000096000000|  0%| F|  |TAMS 0x0000000095f00000| PB 0x0000000095f00000| Untracked |  0
| 352|0x0000000096000000, 0x0000000096000000, 0x0000000096100000|  0%| F|  |TAMS 0x0000000096000000| PB 0x0000000096000000| Untracked |  0
| 353|0x0000000096100000, 0x0000000096100000, 0x0000000096200000|  0%| F|  |TAMS 0x0000000096100000| PB 0x0000000096100000| Untracked |  0
| 354|0x0000000096200000, 0x0000000096200000, 0x0000000096300000|  0%| F|  |TAMS 0x0000000096200000| PB 0x0000000096200000| Untracked |  0
| 355|0x0000000096300000, 0x0000000096300000, 0x0000000096400000|  0%| F|  |TAMS 0x0000000096300000| PB 0x0000000096300000| Untracked |  0
| 356|0x0000000096400000, 0x0000000096400000, 0x0000000096500000|  0%| F|  |TAMS 0x0000000096400000| PB 0x0000000096400000| Untracked |  0
| 357|0x0000000096500000, 0x0000000096500000, 0x0000000096600000|  0%| F|  |TAMS 0x0000000096500000| PB 0x0000000096500000| Untracked |  0
| 358|0x0000000096600000, 0x0000000096600000, 0x0000000096700000|  0%| F|  |TAMS 0x0000000096600000| PB 0x0000000096600000| Untracked |  0
| 359|0x0000000096700000, 0x0000000096700000, 0x0000000096800000|  0%| F|  |TAMS 0x0000000096700000| PB 0x0000000096700000| Untracked |  0
| 360|0x0000000096800000, 0x0000000096800000, 0x0000000096900000|  0%| F|  |TAMS 0x0000000096800000| PB 0x0000000096800000| Untracked |  0
| 361|0x0000000096900000, 0x0000000096900000, 0x0000000096a00000|  0%| F|  |TAMS 0x0000000096900000| PB 0x0000000096900000| Untracked |  0
| 362|0x0000000096a00000, 0x0000000096a00000, 0x0000000096b00000|  0%| F|  |TAMS 0x0000000096a00000| PB 0x0000000096a00000| Untracked |  0
| 363|0x0000000096b00000, 0x0000000096b00000, 0x0000000096c00000|  0%| F|  |TAMS 0x0000000096b00000| PB 0x0000000096b00000| Untracked |  0
| 364|0x0000000096c00000, 0x0000000096c00000, 0x0000000096d00000|  0%| F|  |TAMS 0x0000000096c00000| PB 0x0000000096c00000| Untracked |  0
| 365|0x0000000096d00000, 0x0000000096d00000, 0x0000000096e00000|  0%| F|  |TAMS 0x0000000096d00000| PB 0x0000000096d00000| Untracked |  0
| 366|0x0000000096e00000, 0x0000000096e00000, 0x0000000096f00000|  0%| F|  |TAMS 0x0000000096e00000| PB 0x0000000096e00000| Untracked |  0
| 367|0x0000000096f00000, 0x0000000096f00000, 0x0000000097000000|  0%| F|  |TAMS 0x0000000096f00000| PB 0x0000000096f00000| Untracked |  0
| 368|0x0000000097000000, 0x0000000097000000, 0x0000000097100000|  0%| F|  |TAMS 0x0000000097000000| PB 0x0000000097000000| Untracked |  0
| 369|0x0000000097100000, 0x0000000097100000, 0x0000000097200000|  0%| F|  |TAMS 0x0000000097100000| PB 0x0000000097100000| Untracked |  0
| 370|0x0000000097200000, 0x0000000097200000, 0x0000000097300000|  0%| F|  |TAMS 0x0000000097200000| PB 0x0000000097200000| Untracked |  0
| 371|0x0000000097300000, 0x0000000097300000, 0x0000000097400000|  0%| F|  |TAMS 0x0000000097300000| PB 0x0000000097300000| Untracked |  0
| 372|0x0000000097400000, 0x0000000097400000, 0x0000000097500000|  0%| F|  |TAMS 0x0000000097400000| PB 0x0000000097400000| Untracked |  0
| 373|0x0000000097500000, 0x0000000097500000, 0x0000000097600000|  0%| F|  |TAMS 0x0000000097500000| PB 0x0000000097500000| Untracked |  0
| 374|0x0000000097600000, 0x0000000097600000, 0x0000000097700000|  0%| F|  |TAMS 0x0000000097600000| PB 0x0000000097600000| Untracked |  0
| 375|0x0000000097700000, 0x0000000097700000, 0x0000000097800000|  0%| F|  |TAMS 0x0000000097700000| PB 0x0000000097700000| Untracked |  0
| 376|0x0000000097800000, 0x0000000097800000, 0x0000000097900000|  0%| F|  |TAMS 0x0000000097800000| PB 0x0000000097800000| Untracked |  0
| 377|0x0000000097900000, 0x0000000097900000, 0x0000000097a00000|  0%| F|  |TAMS 0x0000000097900000| PB 0x0000000097900000| Untracked |  0
| 378|0x0000000097a00000, 0x0000000097a00000, 0x0000000097b00000|  0%| F|  |TAMS 0x0000000097a00000| PB 0x0000000097a00000| Untracked |  0
| 379|0x0000000097b00000, 0x0000000097b00000, 0x0000000097c00000|  0%| F|  |TAMS 0x0000000097b00000| PB 0x0000000097b00000| Untracked |  0
| 380|0x0000000097c00000, 0x0000000097c00000, 0x0000000097d00000|  0%| F|  |TAMS 0x0000000097c00000| PB 0x0000000097c00000| Untracked |  0
| 381|0x0000000097d00000, 0x0000000097d00000, 0x0000000097e00000|  0%| F|  |TAMS 0x0000000097d00000| PB 0x0000000097d00000| Untracked |  0
| 382|0x0000000097e00000, 0x0000000097e00000, 0x0000000097f00000|  0%| F|  |TAMS 0x0000000097e00000| PB 0x0000000097e00000| Untracked |  0
| 383|0x0000000097f00000, 0x0000000097f00000, 0x0000000098000000|  0%| F|  |TAMS 0x0000000097f00000| PB 0x0000000097f00000| Untracked |  0
| 384|0x0000000098000000, 0x0000000098000000, 0x0000000098100000|  0%| F|  |TAMS 0x0000000098000000| PB 0x0000000098000000| Untracked |  0
| 385|0x0000000098100000, 0x0000000098100000, 0x0000000098200000|  0%| F|  |TAMS 0x0000000098100000| PB 0x0000000098100000| Untracked |  0
| 386|0x0000000098200000, 0x0000000098200000, 0x0000000098300000|  0%| F|  |TAMS 0x0000000098200000| PB 0x0000000098200000| Untracked |  0
| 387|0x0000000098300000, 0x0000000098300000, 0x0000000098400000|  0%| F|  |TAMS 0x0000000098300000| PB 0x0000000098300000| Untracked |  0
| 388|0x0000000098400000, 0x0000000098400000, 0x0000000098500000|  0%| F|  |TAMS 0x0000000098400000| PB 0x0000000098400000| Untracked |  0
| 389|0x0000000098500000, 0x0000000098500000, 0x0000000098600000|  0%| F|  |TAMS 0x0000000098500000| PB 0x0000000098500000| Untracked |  0
| 390|0x0000000098600000, 0x0000000098600000, 0x0000000098700000|  0%| F|  |TAMS 0x0000000098600000| PB 0x0000000098600000| Untracked |  0
| 391|0x0000000098700000, 0x0000000098700000, 0x0000000098800000|  0%| F|  |TAMS 0x0000000098700000| PB 0x0000000098700000| Untracked |  0
| 392|0x0000000098800000, 0x0000000098800000, 0x0000000098900000|  0%| F|  |TAMS 0x0000000098800000| PB 0x0000000098800000| Untracked |  0
| 393|0x0000000098900000, 0x0000000098900000, 0x0000000098a00000|  0%| F|  |TAMS 0x0000000098900000| PB 0x0000000098900000| Untracked |  0
| 394|0x0000000098a00000, 0x0000000098a00000, 0x0000000098b00000|  0%| F|  |TAMS 0x0000000098a00000| PB 0x0000000098a00000| Untracked |  0
| 395|0x0000000098b00000, 0x0000000098b00000, 0x0000000098c00000|  0%| F|  |TAMS 0x0000000098b00000| PB 0x0000000098b00000| Untracked |  0
| 396|0x0000000098c00000, 0x0000000098c00000, 0x0000000098d00000|  0%| F|  |TAMS 0x0000000098c00000| PB 0x0000000098c00000| Untracked |  0
| 397|0x0000000098d00000, 0x0000000098d00000, 0x0000000098e00000|  0%| F|  |TAMS 0x0000000098d00000| PB 0x0000000098d00000| Untracked |  0
| 398|0x0000000098e00000, 0x0000000098e00000, 0x0000000098f00000|  0%| F|  |TAMS 0x0000000098e00000| PB 0x0000000098e00000| Untracked |  0
| 399|0x0000000098f00000, 0x0000000098f00000, 0x0000000099000000|  0%| F|  |TAMS 0x0000000098f00000| PB 0x0000000098f00000| Untracked |  0
| 400|0x0000000099000000, 0x0000000099000000, 0x0000000099100000|  0%| F|  |TAMS 0x0000000099000000| PB 0x0000000099000000| Untracked |  0
| 401|0x0000000099100000, 0x0000000099100000, 0x0000000099200000|  0%| F|  |TAMS 0x0000000099100000| PB 0x0000000099100000| Untracked |  0
| 402|0x0000000099200000, 0x0000000099200000, 0x0000000099300000|  0%| F|  |TAMS 0x0000000099200000| PB 0x0000000099200000| Untracked |  0
| 403|0x0000000099300000, 0x0000000099300000, 0x0000000099400000|  0%| F|  |TAMS 0x0000000099300000| PB 0x0000000099300000| Untracked |  0
| 404|0x0000000099400000, 0x0000000099400000, 0x0000000099500000|  0%| F|  |TAMS 0x0000000099400000| PB 0x0000000099400000| Untracked |  0
| 405|0x0000000099500000, 0x0000000099500000, 0x0000000099600000|  0%| F|  |TAMS 0x0000000099500000| PB 0x0000000099500000| Untracked |  0
| 406|0x0000000099600000, 0x0000000099600000, 0x0000000099700000|  0%| F|  |TAMS 0x0000000099600000| PB 0x0000000099600000| Untracked |  0
| 407|0x0000000099700000, 0x0000000099700000, 0x0000000099800000|  0%| F|  |TAMS 0x0000000099700000| PB 0x0000000099700000| Untracked |  0
| 408|0x0000000099800000, 0x0000000099800000, 0x0000000099900000|  0%| F|  |TAMS 0x0000000099800000| PB 0x0000000099800000| Untracked |  0
| 409|0x0000000099900000, 0x0000000099900000, 0x0000000099a00000|  0%| F|  |TAMS 0x0000000099900000| PB 0x0000000099900000| Untracked |  0
| 410|0x0000000099a00000, 0x0000000099a00000, 0x0000000099b00000|  0%| F|  |TAMS 0x0000000099a00000| PB 0x0000000099a00000| Untracked |  0
| 411|0x0000000099b00000, 0x0000000099b00000, 0x0000000099c00000|  0%| F|  |TAMS 0x0000000099b00000| PB 0x0000000099b00000| Untracked |  0
| 412|0x0000000099c00000, 0x0000000099c00000, 0x0000000099d00000|  0%| F|  |TAMS 0x0000000099c00000| PB 0x0000000099c00000| Untracked |  0
| 413|0x0000000099d00000, 0x0000000099d00000, 0x0000000099e00000|  0%| F|  |TAMS 0x0000000099d00000| PB 0x0000000099d00000| Untracked |  0
| 414|0x0000000099e00000, 0x0000000099e00000, 0x0000000099f00000|  0%| F|  |TAMS 0x0000000099e00000| PB 0x0000000099e00000| Untracked |  0
| 415|0x0000000099f00000, 0x0000000099f00000, 0x000000009a000000|  0%| F|  |TAMS 0x0000000099f00000| PB 0x0000000099f00000| Untracked |  0
| 416|0x000000009a000000, 0x000000009a000000, 0x000000009a100000|  0%| F|  |TAMS 0x000000009a000000| PB 0x000000009a000000| Untracked |  0
| 417|0x000000009a100000, 0x000000009a100000, 0x000000009a200000|  0%| F|  |TAMS 0x000000009a100000| PB 0x000000009a100000| Untracked |  0
| 418|0x000000009a200000, 0x000000009a200000, 0x000000009a300000|  0%| F|  |TAMS 0x000000009a200000| PB 0x000000009a200000| Untracked |  0
| 419|0x000000009a300000, 0x000000009a300000, 0x000000009a400000|  0%| F|  |TAMS 0x000000009a300000| PB 0x000000009a300000| Untracked |  0
| 420|0x000000009a400000, 0x000000009a400000, 0x000000009a500000|  0%| F|  |TAMS 0x000000009a400000| PB 0x000000009a400000| Untracked |  0
| 421|0x000000009a500000, 0x000000009a500000, 0x000000009a600000|  0%| F|  |TAMS 0x000000009a500000| PB 0x000000009a500000| Untracked |  0
| 422|0x000000009a600000, 0x000000009a600000, 0x000000009a700000|  0%| F|  |TAMS 0x000000009a600000| PB 0x000000009a600000| Untracked |  0
| 423|0x000000009a700000, 0x000000009a700000, 0x000000009a800000|  0%| F|  |TAMS 0x000000009a700000| PB 0x000000009a700000| Untracked |  0
| 424|0x000000009a800000, 0x000000009a800000, 0x000000009a900000|  0%| F|  |TAMS 0x000000009a800000| PB 0x000000009a800000| Untracked |  0
| 425|0x000000009a900000, 0x000000009a900000, 0x000000009aa00000|  0%| F|  |TAMS 0x000000009a900000| PB 0x000000009a900000| Untracked |  0
| 426|0x000000009aa00000, 0x000000009aa00000, 0x000000009ab00000|  0%| F|  |TAMS 0x000000009aa00000| PB 0x000000009aa00000| Untracked |  0
| 427|0x000000009ab00000, 0x000000009ab00000, 0x000000009ac00000|  0%| F|  |TAMS 0x000000009ab00000| PB 0x000000009ab00000| Untracked |  0
| 428|0x000000009ac00000, 0x000000009ac00000, 0x000000009ad00000|  0%| F|  |TAMS 0x000000009ac00000| PB 0x000000009ac00000| Untracked |  0
| 429|0x000000009ad00000, 0x000000009ad00000, 0x000000009ae00000|  0%| F|  |TAMS 0x000000009ad00000| PB 0x000000009ad00000| Untracked |  0
| 430|0x000000009ae00000, 0x000000009ae00000, 0x000000009af00000|  0%| F|  |TAMS 0x000000009ae00000| PB 0x000000009ae00000| Untracked |  0
| 431|0x000000009af00000, 0x000000009af00000, 0x000000009b000000|  0%| F|  |TAMS 0x000000009af00000| PB 0x000000009af00000| Untracked |  0
| 432|0x000000009b000000, 0x000000009b000000, 0x000000009b100000|  0%| F|  |TAMS 0x000000009b000000| PB 0x000000009b000000| Untracked |  0
| 433|0x000000009b100000, 0x000000009b100000, 0x000000009b200000|  0%| F|  |TAMS 0x000000009b100000| PB 0x000000009b100000| Untracked |  0
| 434|0x000000009b200000, 0x000000009b200000, 0x000000009b300000|  0%| F|  |TAMS 0x000000009b200000| PB 0x000000009b200000| Untracked |  0
| 435|0x000000009b300000, 0x000000009b300000, 0x000000009b400000|  0%| F|  |TAMS 0x000000009b300000| PB 0x000000009b300000| Untracked |  0
| 436|0x000000009b400000, 0x000000009b400000, 0x000000009b500000|  0%| F|  |TAMS 0x000000009b400000| PB 0x000000009b400000| Untracked |  0
| 437|0x000000009b500000, 0x000000009b500000, 0x000000009b600000|  0%| F|  |TAMS 0x000000009b500000| PB 0x000000009b500000| Untracked |  0
| 438|0x000000009b600000, 0x000000009b600000, 0x000000009b700000|  0%| F|  |TAMS 0x000000009b600000| PB 0x000000009b600000| Untracked |  0
| 439|0x000000009b700000, 0x000000009b700000, 0x000000009b800000|  0%| F|  |TAMS 0x000000009b700000| PB 0x000000009b700000| Untracked |  0
| 440|0x000000009b800000, 0x000000009b800000, 0x000000009b900000|  0%| F|  |TAMS 0x000000009b800000| PB 0x000000009b800000| Untracked |  0
| 441|0x000000009b900000, 0x000000009b900000, 0x000000009ba00000|  0%| F|  |TAMS 0x000000009b900000| PB 0x000000009b900000| Untracked |  0
| 442|0x000000009ba00000, 0x000000009ba00000, 0x000000009bb00000|  0%| F|  |TAMS 0x000000009ba00000| PB 0x000000009ba00000| Untracked |  0
| 443|0x000000009bb00000, 0x000000009bb00000, 0x000000009bc00000|  0%| F|  |TAMS 0x000000009bb00000| PB 0x000000009bb00000| Untracked |  0
| 444|0x000000009bc00000, 0x000000009bc00000, 0x000000009bd00000|  0%| F|  |TAMS 0x000000009bc00000| PB 0x000000009bc00000| Untracked |  0
| 445|0x000000009bd00000, 0x000000009bd00000, 0x000000009be00000|  0%| F|  |TAMS 0x000000009bd00000| PB 0x000000009bd00000| Untracked |  0
| 446|0x000000009be00000, 0x000000009be00000, 0x000000009bf00000|  0%| F|  |TAMS 0x000000009be00000| PB 0x000000009be00000| Untracked |  0
| 447|0x000000009bf00000, 0x000000009bf00000, 0x000000009c000000|  0%| F|  |TAMS 0x000000009bf00000| PB 0x000000009bf00000| Untracked |  0
| 448|0x000000009c000000, 0x000000009c000000, 0x000000009c100000|  0%| F|  |TAMS 0x000000009c000000| PB 0x000000009c000000| Untracked |  0
| 449|0x000000009c100000, 0x000000009c100000, 0x000000009c200000|  0%| F|  |TAMS 0x000000009c100000| PB 0x000000009c100000| Untracked |  0
| 450|0x000000009c200000, 0x000000009c200000, 0x000000009c300000|  0%| F|  |TAMS 0x000000009c200000| PB 0x000000009c200000| Untracked |  0
| 451|0x000000009c300000, 0x000000009c300000, 0x000000009c400000|  0%| F|  |TAMS 0x000000009c300000| PB 0x000000009c300000| Untracked |  0
| 452|0x000000009c400000, 0x000000009c400000, 0x000000009c500000|  0%| F|  |TAMS 0x000000009c400000| PB 0x000000009c400000| Untracked |  0
| 453|0x000000009c500000, 0x000000009c500000, 0x000000009c600000|  0%| F|  |TAMS 0x000000009c500000| PB 0x000000009c500000| Untracked |  0
| 454|0x000000009c600000, 0x000000009c600000, 0x000000009c700000|  0%| F|  |TAMS 0x000000009c600000| PB 0x000000009c600000| Untracked |  0
| 455|0x000000009c700000, 0x000000009c700000, 0x000000009c800000|  0%| F|  |TAMS 0x000000009c700000| PB 0x000000009c700000| Untracked |  0
| 456|0x000000009c800000, 0x000000009c800000, 0x000000009c900000|  0%| F|  |TAMS 0x000000009c800000| PB 0x000000009c800000| Untracked |  0
| 457|0x000000009c900000, 0x000000009c900000, 0x000000009ca00000|  0%| F|  |TAMS 0x000000009c900000| PB 0x000000009c900000| Untracked |  0
| 458|0x000000009ca00000, 0x000000009ca00000, 0x000000009cb00000|  0%| F|  |TAMS 0x000000009ca00000| PB 0x000000009ca00000| Untracked |  0
| 459|0x000000009cb00000, 0x000000009cb00000, 0x000000009cc00000|  0%| F|  |TAMS 0x000000009cb00000| PB 0x000000009cb00000| Untracked |  0
| 460|0x000000009cc00000, 0x000000009cc00000, 0x000000009cd00000|  0%| F|  |TAMS 0x000000009cc00000| PB 0x000000009cc00000| Untracked |  0
| 461|0x000000009cd00000, 0x000000009cd00000, 0x000000009ce00000|  0%| F|  |TAMS 0x000000009cd00000| PB 0x000000009cd00000| Untracked |  0
| 462|0x000000009ce00000, 0x000000009ce00000, 0x000000009cf00000|  0%| F|  |TAMS 0x000000009ce00000| PB 0x000000009ce00000| Untracked |  0
| 463|0x000000009cf00000, 0x000000009cf00000, 0x000000009d000000|  0%| F|  |TAMS 0x000000009cf00000| PB 0x000000009cf00000| Untracked |  0
| 464|0x000000009d000000, 0x000000009d000000, 0x000000009d100000|  0%| F|  |TAMS 0x000000009d000000| PB 0x000000009d000000| Untracked |  0
| 465|0x000000009d100000, 0x000000009d100000, 0x000000009d200000|  0%| F|  |TAMS 0x000000009d100000| PB 0x000000009d100000| Untracked |  0
| 466|0x000000009d200000, 0x000000009d200000, 0x000000009d300000|  0%| F|  |TAMS 0x000000009d200000| PB 0x000000009d200000| Untracked |  0
| 467|0x000000009d300000, 0x000000009d300000, 0x000000009d400000|  0%| F|  |TAMS 0x000000009d300000| PB 0x000000009d300000| Untracked |  0
| 468|0x000000009d400000, 0x000000009d400000, 0x000000009d500000|  0%| F|  |TAMS 0x000000009d400000| PB 0x000000009d400000| Untracked |  0
| 469|0x000000009d500000, 0x000000009d500000, 0x000000009d600000|  0%| F|  |TAMS 0x000000009d500000| PB 0x000000009d500000| Untracked |  0
| 470|0x000000009d600000, 0x000000009d600000, 0x000000009d700000|  0%| F|  |TAMS 0x000000009d600000| PB 0x000000009d600000| Untracked |  0
| 471|0x000000009d700000, 0x000000009d700000, 0x000000009d800000|  0%| F|  |TAMS 0x000000009d700000| PB 0x000000009d700000| Untracked |  0
| 472|0x000000009d800000, 0x000000009d800000, 0x000000009d900000|  0%| F|  |TAMS 0x000000009d800000| PB 0x000000009d800000| Untracked |  0
| 473|0x000000009d900000, 0x000000009d900000, 0x000000009da00000|  0%| F|  |TAMS 0x000000009d900000| PB 0x000000009d900000| Untracked |  0
| 474|0x000000009da00000, 0x000000009da00000, 0x000000009db00000|  0%| F|  |TAMS 0x000000009da00000| PB 0x000000009da00000| Untracked |  0
| 475|0x000000009db00000, 0x000000009db00000, 0x000000009dc00000|  0%| F|  |TAMS 0x000000009db00000| PB 0x000000009db00000| Untracked |  0
| 476|0x000000009dc00000, 0x000000009dc00000, 0x000000009dd00000|  0%| F|  |TAMS 0x000000009dc00000| PB 0x000000009dc00000| Untracked |  0
| 477|0x000000009dd00000, 0x000000009dd00000, 0x000000009de00000|  0%| F|  |TAMS 0x000000009dd00000| PB 0x000000009dd00000| Untracked |  0
| 478|0x000000009de00000, 0x000000009de00000, 0x000000009df00000|  0%| F|  |TAMS 0x000000009de00000| PB 0x000000009de00000| Untracked |  0
| 479|0x000000009df00000, 0x000000009df00000, 0x000000009e000000|  0%| F|  |TAMS 0x000000009df00000| PB 0x000000009df00000| Untracked |  0
| 480|0x000000009e000000, 0x000000009e000000, 0x000000009e100000|  0%| F|  |TAMS 0x000000009e000000| PB 0x000000009e000000| Untracked |  0
| 481|0x000000009e100000, 0x000000009e100000, 0x000000009e200000|  0%| F|  |TAMS 0x000000009e100000| PB 0x000000009e100000| Untracked |  0
| 482|0x000000009e200000, 0x000000009e200000, 0x000000009e300000|  0%| F|  |TAMS 0x000000009e200000| PB 0x000000009e200000| Untracked |  0
| 483|0x000000009e300000, 0x000000009e300000, 0x000000009e400000|  0%| F|  |TAMS 0x000000009e300000| PB 0x000000009e300000| Untracked |  0
| 484|0x000000009e400000, 0x000000009e400000, 0x000000009e500000|  0%| F|  |TAMS 0x000000009e400000| PB 0x000000009e400000| Untracked |  0
| 485|0x000000009e500000, 0x000000009e500000, 0x000000009e600000|  0%| F|  |TAMS 0x000000009e500000| PB 0x000000009e500000| Untracked |  0
| 486|0x000000009e600000, 0x000000009e600000, 0x000000009e700000|  0%| F|  |TAMS 0x000000009e600000| PB 0x000000009e600000| Untracked |  0
| 487|0x000000009e700000, 0x000000009e700000, 0x000000009e800000|  0%| F|  |TAMS 0x000000009e700000| PB 0x000000009e700000| Untracked |  0
| 488|0x000000009e800000, 0x000000009e800000, 0x000000009e900000|  0%| F|  |TAMS 0x000000009e800000| PB 0x000000009e800000| Untracked |  0
| 489|0x000000009e900000, 0x000000009e900000, 0x000000009ea00000|  0%| F|  |TAMS 0x000000009e900000| PB 0x000000009e900000| Untracked |  0
| 490|0x000000009ea00000, 0x000000009ea00000, 0x000000009eb00000|  0%| F|  |TAMS 0x000000009ea00000| PB 0x000000009ea00000| Untracked |  0
| 491|0x000000009eb00000, 0x000000009eb00000, 0x000000009ec00000|  0%| F|  |TAMS 0x000000009eb00000| PB 0x000000009eb00000| Untracked |  0
| 492|0x000000009ec00000, 0x000000009ec00000, 0x000000009ed00000|  0%| F|  |TAMS 0x000000009ec00000| PB 0x000000009ec00000| Untracked |  0
| 493|0x000000009ed00000, 0x000000009ed00000, 0x000000009ee00000|  0%| F|  |TAMS 0x000000009ed00000| PB 0x000000009ed00000| Untracked |  0
| 494|0x000000009ee00000, 0x000000009ee00000, 0x000000009ef00000|  0%| F|  |TAMS 0x000000009ee00000| PB 0x000000009ee00000| Untracked |  0
| 495|0x000000009ef00000, 0x000000009ef00000, 0x000000009f000000|  0%| F|  |TAMS 0x000000009ef00000| PB 0x000000009ef00000| Untracked |  0
| 496|0x000000009f000000, 0x000000009f000000, 0x000000009f100000|  0%| F|  |TAMS 0x000000009f000000| PB 0x000000009f000000| Untracked |  0
| 497|0x000000009f100000, 0x000000009f100000, 0x000000009f200000|  0%| F|  |TAMS 0x000000009f100000| PB 0x000000009f100000| Untracked |  0
| 498|0x000000009f200000, 0x000000009f200000, 0x000000009f300000|  0%| F|  |TAMS 0x000000009f200000| PB 0x000000009f200000| Untracked |  0
| 499|0x000000009f300000, 0x000000009f300000, 0x000000009f400000|  0%| F|  |TAMS 0x000000009f300000| PB 0x000000009f300000| Untracked |  0
| 500|0x000000009f400000, 0x000000009f400000, 0x000000009f500000|  0%| F|  |TAMS 0x000000009f400000| PB 0x000000009f400000| Untracked |  0
| 501|0x000000009f500000, 0x000000009f500000, 0x000000009f600000|  0%| F|  |TAMS 0x000000009f500000| PB 0x000000009f500000| Untracked |  0
| 502|0x000000009f600000, 0x000000009f600000, 0x000000009f700000|  0%| F|  |TAMS 0x000000009f600000| PB 0x000000009f600000| Untracked |  0
| 503|0x000000009f700000, 0x000000009f700000, 0x000000009f800000|  0%| F|  |TAMS 0x000000009f700000| PB 0x000000009f700000| Untracked |  0
| 504|0x000000009f800000, 0x000000009f800000, 0x000000009f900000|  0%| F|  |TAMS 0x000000009f800000| PB 0x000000009f800000| Untracked |  0
| 505|0x000000009f900000, 0x000000009f900000, 0x000000009fa00000|  0%| F|  |TAMS 0x000000009f900000| PB 0x000000009f900000| Untracked |  0
| 506|0x000000009fa00000, 0x000000009fa00000, 0x000000009fb00000|  0%| F|  |TAMS 0x000000009fa00000| PB 0x000000009fa00000| Untracked |  0
| 507|0x000000009fb00000, 0x000000009fb00000, 0x000000009fc00000|  0%| F|  |TAMS 0x000000009fb00000| PB 0x000000009fb00000| Untracked |  0
| 508|0x000000009fc00000, 0x000000009fc00000, 0x000000009fd00000|  0%| F|  |TAMS 0x000000009fc00000| PB 0x000000009fc00000| Untracked |  0
| 509|0x000000009fd00000, 0x000000009fd00000, 0x000000009fe00000|  0%| F|  |TAMS 0x000000009fd00000| PB 0x000000009fd00000| Untracked |  0
| 510|0x000000009fe00000, 0x000000009fe00000, 0x000000009ff00000|  0%| F|  |TAMS 0x000000009fe00000| PB 0x000000009fe00000| Untracked |  0
| 511|0x000000009ff00000, 0x000000009ff00000, 0x00000000a0000000|  0%| F|  |TAMS 0x000000009ff00000| PB 0x000000009ff00000| Untracked |  0
| 512|0x00000000a0000000, 0x00000000a0000000, 0x00000000a0100000|  0%| F|  |TAMS 0x00000000a0000000| PB 0x00000000a0000000| Untracked |  0
| 513|0x00000000a0100000, 0x00000000a0100000, 0x00000000a0200000|  0%| F|  |TAMS 0x00000000a0100000| PB 0x00000000a0100000| Untracked |  0
| 514|0x00000000a0200000, 0x00000000a0200000, 0x00000000a0300000|  0%| F|  |TAMS 0x00000000a0200000| PB 0x00000000a0200000| Untracked |  0
| 515|0x00000000a0300000, 0x00000000a0300000, 0x00000000a0400000|  0%| F|  |TAMS 0x00000000a0300000| PB 0x00000000a0300000| Untracked |  0
| 516|0x00000000a0400000, 0x00000000a0400000, 0x00000000a0500000|  0%| F|  |TAMS 0x00000000a0400000| PB 0x00000000a0400000| Untracked |  0
| 517|0x00000000a0500000, 0x00000000a0500000, 0x00000000a0600000|  0%| F|  |TAMS 0x00000000a0500000| PB 0x00000000a0500000| Untracked |  0
| 518|0x00000000a0600000, 0x00000000a0600000, 0x00000000a0700000|  0%| F|  |TAMS 0x00000000a0600000| PB 0x00000000a0600000| Untracked |  0
| 519|0x00000000a0700000, 0x00000000a0700000, 0x00000000a0800000|  0%| F|  |TAMS 0x00000000a0700000| PB 0x00000000a0700000| Untracked |  0
| 520|0x00000000a0800000, 0x00000000a0800000, 0x00000000a0900000|  0%| F|  |TAMS 0x00000000a0800000| PB 0x00000000a0800000| Untracked |  0
| 521|0x00000000a0900000, 0x00000000a0900000, 0x00000000a0a00000|  0%| F|  |TAMS 0x00000000a0900000| PB 0x00000000a0900000| Untracked |  0
| 522|0x00000000a0a00000, 0x00000000a0a00000, 0x00000000a0b00000|  0%| F|  |TAMS 0x00000000a0a00000| PB 0x00000000a0a00000| Untracked |  0
| 523|0x00000000a0b00000, 0x00000000a0b00000, 0x00000000a0c00000|  0%| F|  |TAMS 0x00000000a0b00000| PB 0x00000000a0b00000| Untracked |  0
| 524|0x00000000a0c00000, 0x00000000a0c00000, 0x00000000a0d00000|  0%| F|  |TAMS 0x00000000a0c00000| PB 0x00000000a0c00000| Untracked |  0
| 525|0x00000000a0d00000, 0x00000000a0d00000, 0x00000000a0e00000|  0%| F|  |TAMS 0x00000000a0d00000| PB 0x00000000a0d00000| Untracked |  0
| 526|0x00000000a0e00000, 0x00000000a0e00000, 0x00000000a0f00000|  0%| F|  |TAMS 0x00000000a0e00000| PB 0x00000000a0e00000| Untracked |  0
| 527|0x00000000a0f00000, 0x00000000a0f00000, 0x00000000a1000000|  0%| F|  |TAMS 0x00000000a0f00000| PB 0x00000000a0f00000| Untracked |  0
| 528|0x00000000a1000000, 0x00000000a1000000, 0x00000000a1100000|  0%| F|  |TAMS 0x00000000a1000000| PB 0x00000000a1000000| Untracked |  0
| 529|0x00000000a1100000, 0x00000000a1100000, 0x00000000a1200000|  0%| F|  |TAMS 0x00000000a1100000| PB 0x00000000a1100000| Untracked |  0
| 530|0x00000000a1200000, 0x00000000a1200000, 0x00000000a1300000|  0%| F|  |TAMS 0x00000000a1200000| PB 0x00000000a1200000| Untracked |  0
| 531|0x00000000a1300000, 0x00000000a1300000, 0x00000000a1400000|  0%| F|  |TAMS 0x00000000a1300000| PB 0x00000000a1300000| Untracked |  0
| 532|0x00000000a1400000, 0x00000000a1400000, 0x00000000a1500000|  0%| F|  |TAMS 0x00000000a1400000| PB 0x00000000a1400000| Untracked |  0
| 533|0x00000000a1500000, 0x00000000a1500000, 0x00000000a1600000|  0%| F|  |TAMS 0x00000000a1500000| PB 0x00000000a1500000| Untracked |  0
| 534|0x00000000a1600000, 0x00000000a1600000, 0x00000000a1700000|  0%| F|  |TAMS 0x00000000a1600000| PB 0x00000000a1600000| Untracked |  0
| 535|0x00000000a1700000, 0x00000000a1700000, 0x00000000a1800000|  0%| F|  |TAMS 0x00000000a1700000| PB 0x00000000a1700000| Untracked |  0
| 536|0x00000000a1800000, 0x00000000a1800000, 0x00000000a1900000|  0%| F|  |TAMS 0x00000000a1800000| PB 0x00000000a1800000| Untracked |  0
| 537|0x00000000a1900000, 0x00000000a1900000, 0x00000000a1a00000|  0%| F|  |TAMS 0x00000000a1900000| PB 0x00000000a1900000| Untracked |  0
| 538|0x00000000a1a00000, 0x00000000a1a00000, 0x00000000a1b00000|  0%| F|  |TAMS 0x00000000a1a00000| PB 0x00000000a1a00000| Untracked |  0
| 539|0x00000000a1b00000, 0x00000000a1b00000, 0x00000000a1c00000|  0%| F|  |TAMS 0x00000000a1b00000| PB 0x00000000a1b00000| Untracked |  0
| 540|0x00000000a1c00000, 0x00000000a1c5bbc8, 0x00000000a1d00000| 35%| E|  |TAMS 0x00000000a1c00000| PB 0x00000000a1c00000| Complete |  0
| 541|0x00000000a1d00000, 0x00000000a1e00000, 0x00000000a1e00000|100%| E|CS|TAMS 0x00000000a1d00000| PB 0x00000000a1d00000| Complete |  0
| 542|0x00000000a1e00000, 0x00000000a1f00000, 0x00000000a1f00000|100%| E|CS|TAMS 0x00000000a1e00000| PB 0x00000000a1e00000| Complete |  0
| 543|0x00000000a1f00000, 0x00000000a2000000, 0x00000000a2000000|100%| E|CS|TAMS 0x00000000a1f00000| PB 0x00000000a1f00000| Complete |  0
| 544|0x00000000a2000000, 0x00000000a2100000, 0x00000000a2100000|100%| E|CS|TAMS 0x00000000a2000000| PB 0x00000000a2000000| Complete |  0
| 545|0x00000000a2100000, 0x00000000a2200000, 0x00000000a2200000|100%| E|CS|TAMS 0x00000000a2100000| PB 0x00000000a2100000| Complete |  0
| 546|0x00000000a2200000, 0x00000000a2300000, 0x00000000a2300000|100%| E|CS|TAMS 0x00000000a2200000| PB 0x00000000a2200000| Complete |  0
| 547|0x00000000a2300000, 0x00000000a2400000, 0x00000000a2400000|100%| E|CS|TAMS 0x00000000a2300000| PB 0x00000000a2300000| Complete |  0
| 548|0x00000000a2400000, 0x00000000a2500000, 0x00000000a2500000|100%| E|CS|TAMS 0x00000000a2400000| PB 0x00000000a2400000| Complete |  0
| 549|0x00000000a2500000, 0x00000000a2600000, 0x00000000a2600000|100%| E|CS|TAMS 0x00000000a2500000| PB 0x00000000a2500000| Complete |  0
| 550|0x00000000a2600000, 0x00000000a2700000, 0x00000000a2700000|100%| E|CS|TAMS 0x00000000a2600000| PB 0x00000000a2600000| Complete |  0
| 551|0x00000000a2700000, 0x00000000a2800000, 0x00000000a2800000|100%| E|CS|TAMS 0x00000000a2700000| PB 0x00000000a2700000| Complete |  0
| 552|0x00000000a2800000, 0x00000000a2900000, 0x00000000a2900000|100%| E|CS|TAMS 0x00000000a2800000| PB 0x00000000a2800000| Complete |  0
| 553|0x00000000a2900000, 0x00000000a2a00000, 0x00000000a2a00000|100%| E|CS|TAMS 0x00000000a2900000| PB 0x00000000a2900000| Complete |  0
| 554|0x00000000a2a00000, 0x00000000a2b00000, 0x00000000a2b00000|100%| E|CS|TAMS 0x00000000a2a00000| PB 0x00000000a2a00000| Complete |  0
| 555|0x00000000a2b00000, 0x00000000a2c00000, 0x00000000a2c00000|100%| E|CS|TAMS 0x00000000a2b00000| PB 0x00000000a2b00000| Complete |  0
| 556|0x00000000a2c00000, 0x00000000a2d00000, 0x00000000a2d00000|100%| E|CS|TAMS 0x00000000a2c00000| PB 0x00000000a2c00000| Complete |  0
| 557|0x00000000a2d00000, 0x00000000a2e00000, 0x00000000a2e00000|100%| E|CS|TAMS 0x00000000a2d00000| PB 0x00000000a2d00000| Complete |  0
| 558|0x00000000a2e00000, 0x00000000a2f00000, 0x00000000a2f00000|100%| E|CS|TAMS 0x00000000a2e00000| PB 0x00000000a2e00000| Complete |  0
| 559|0x00000000a2f00000, 0x00000000a3000000, 0x00000000a3000000|100%| E|CS|TAMS 0x00000000a2f00000| PB 0x00000000a2f00000| Complete |  0
| 560|0x00000000a3000000, 0x00000000a3100000, 0x00000000a3100000|100%| E|CS|TAMS 0x00000000a3000000| PB 0x00000000a3000000| Complete |  0
| 561|0x00000000a3100000, 0x00000000a3200000, 0x00000000a3200000|100%| E|CS|TAMS 0x00000000a3100000| PB 0x00000000a3100000| Complete |  0
| 562|0x00000000a3200000, 0x00000000a3300000, 0x00000000a3300000|100%| E|CS|TAMS 0x00000000a3200000| PB 0x00000000a3200000| Complete |  0
| 563|0x00000000a3300000, 0x00000000a3400000, 0x00000000a3400000|100%| E|CS|TAMS 0x00000000a3300000| PB 0x00000000a3300000| Complete |  0
| 564|0x00000000a3400000, 0x00000000a3500000, 0x00000000a3500000|100%| E|CS|TAMS 0x00000000a3400000| PB 0x00000000a3400000| Complete |  0
| 565|0x00000000a3500000, 0x00000000a3600000, 0x00000000a3600000|100%| E|CS|TAMS 0x00000000a3500000| PB 0x00000000a3500000| Complete |  0
| 566|0x00000000a3600000, 0x00000000a3700000, 0x00000000a3700000|100%| E|CS|TAMS 0x00000000a3600000| PB 0x00000000a3600000| Complete |  0
| 567|0x00000000a3700000, 0x00000000a3800000, 0x00000000a3800000|100%| E|CS|TAMS 0x00000000a3700000| PB 0x00000000a3700000| Complete |  0
| 568|0x00000000a3800000, 0x00000000a3900000, 0x00000000a3900000|100%| E|CS|TAMS 0x00000000a3800000| PB 0x00000000a3800000| Complete |  0
| 569|0x00000000a3900000, 0x00000000a3a00000, 0x00000000a3a00000|100%| E|CS|TAMS 0x00000000a3900000| PB 0x00000000a3900000| Complete |  0
| 570|0x00000000a3a00000, 0x00000000a3b00000, 0x00000000a3b00000|100%| E|CS|TAMS 0x00000000a3a00000| PB 0x00000000a3a00000| Complete |  0
| 571|0x00000000a3b00000, 0x00000000a3c00000, 0x00000000a3c00000|100%| E|CS|TAMS 0x00000000a3b00000| PB 0x00000000a3b00000| Complete |  0
| 572|0x00000000a3c00000, 0x00000000a3d00000, 0x00000000a3d00000|100%| E|CS|TAMS 0x00000000a3c00000| PB 0x00000000a3c00000| Complete |  0
| 573|0x00000000a3d00000, 0x00000000a3e00000, 0x00000000a3e00000|100%| E|CS|TAMS 0x00000000a3d00000| PB 0x00000000a3d00000| Complete |  0
| 574|0x00000000a3e00000, 0x00000000a3f00000, 0x00000000a3f00000|100%| E|CS|TAMS 0x00000000a3e00000| PB 0x00000000a3e00000| Complete |  0
| 575|0x00000000a3f00000, 0x00000000a4000000, 0x00000000a4000000|100%| E|CS|TAMS 0x00000000a3f00000| PB 0x00000000a3f00000| Complete |  0
| 576|0x00000000a4000000, 0x00000000a4100000, 0x00000000a4100000|100%| E|CS|TAMS 0x00000000a4000000| PB 0x00000000a4000000| Complete |  0
| 577|0x00000000a4100000, 0x00000000a4200000, 0x00000000a4200000|100%| E|CS|TAMS 0x00000000a4100000| PB 0x00000000a4100000| Complete |  0
| 578|0x00000000a4200000, 0x00000000a4300000, 0x00000000a4300000|100%| E|CS|TAMS 0x00000000a4200000| PB 0x00000000a4200000| Complete |  0
| 579|0x00000000a4300000, 0x00000000a4400000, 0x00000000a4400000|100%| E|CS|TAMS 0x00000000a4300000| PB 0x00000000a4300000| Complete |  0
| 580|0x00000000a4400000, 0x00000000a4500000, 0x00000000a4500000|100%| E|CS|TAMS 0x00000000a4400000| PB 0x00000000a4400000| Complete |  0
| 581|0x00000000a4500000, 0x00000000a4600000, 0x00000000a4600000|100%| E|CS|TAMS 0x00000000a4500000| PB 0x00000000a4500000| Complete |  0
| 582|0x00000000a4600000, 0x00000000a4700000, 0x00000000a4700000|100%| E|CS|TAMS 0x00000000a4600000| PB 0x00000000a4600000| Complete |  0
| 583|0x00000000a4700000, 0x00000000a4800000, 0x00000000a4800000|100%| E|CS|TAMS 0x00000000a4700000| PB 0x00000000a4700000| Complete |  0
| 584|0x00000000a4800000, 0x00000000a4900000, 0x00000000a4900000|100%| E|CS|TAMS 0x00000000a4800000| PB 0x00000000a4800000| Complete |  0
| 585|0x00000000a4900000, 0x00000000a4a00000, 0x00000000a4a00000|100%| E|CS|TAMS 0x00000000a4900000| PB 0x00000000a4900000| Complete |  0
| 586|0x00000000a4a00000, 0x00000000a4b00000, 0x00000000a4b00000|100%| E|CS|TAMS 0x00000000a4a00000| PB 0x00000000a4a00000| Complete |  0
| 587|0x00000000a4b00000, 0x00000000a4c00000, 0x00000000a4c00000|100%| E|CS|TAMS 0x00000000a4b00000| PB 0x00000000a4b00000| Complete |  0
| 588|0x00000000a4c00000, 0x00000000a4d00000, 0x00000000a4d00000|100%| E|CS|TAMS 0x00000000a4c00000| PB 0x00000000a4c00000| Complete |  0
| 589|0x00000000a4d00000, 0x00000000a4e00000, 0x00000000a4e00000|100%| E|CS|TAMS 0x00000000a4d00000| PB 0x00000000a4d00000| Complete |  0
| 590|0x00000000a4e00000, 0x00000000a4f00000, 0x00000000a4f00000|100%| E|CS|TAMS 0x00000000a4e00000| PB 0x00000000a4e00000| Complete |  0
| 591|0x00000000a4f00000, 0x00000000a5000000, 0x00000000a5000000|100%| E|CS|TAMS 0x00000000a4f00000| PB 0x00000000a4f00000| Complete |  0
| 592|0x00000000a5000000, 0x00000000a5100000, 0x00000000a5100000|100%| E|CS|TAMS 0x00000000a5000000| PB 0x00000000a5000000| Complete |  0
| 593|0x00000000a5100000, 0x00000000a5200000, 0x00000000a5200000|100%| E|CS|TAMS 0x00000000a5100000| PB 0x00000000a5100000| Complete |  0
| 594|0x00000000a5200000, 0x00000000a5300000, 0x00000000a5300000|100%| E|CS|TAMS 0x00000000a5200000| PB 0x00000000a5200000| Complete |  0
| 595|0x00000000a5300000, 0x00000000a5400000, 0x00000000a5400000|100%| E|CS|TAMS 0x00000000a5300000| PB 0x00000000a5300000| Complete |  0
| 596|0x00000000a5400000, 0x00000000a5500000, 0x00000000a5500000|100%| E|CS|TAMS 0x00000000a5400000| PB 0x00000000a5400000| Complete |  0
| 597|0x00000000a5500000, 0x00000000a5600000, 0x00000000a5600000|100%| E|CS|TAMS 0x00000000a5500000| PB 0x00000000a5500000| Complete |  0
| 598|0x00000000a5600000, 0x00000000a5700000, 0x00000000a5700000|100%| E|CS|TAMS 0x00000000a5600000| PB 0x00000000a5600000| Complete |  0
| 599|0x00000000a5700000, 0x00000000a5800000, 0x00000000a5800000|100%| E|CS|TAMS 0x00000000a5700000| PB 0x00000000a5700000| Complete |  0
| 600|0x00000000a5800000, 0x00000000a5900000, 0x00000000a5900000|100%| E|CS|TAMS 0x00000000a5800000| PB 0x00000000a5800000| Complete |  0
| 601|0x00000000a5900000, 0x00000000a5a00000, 0x00000000a5a00000|100%| E|CS|TAMS 0x00000000a5900000| PB 0x00000000a5900000| Complete |  0
| 602|0x00000000a5a00000, 0x00000000a5b00000, 0x00000000a5b00000|100%| E|CS|TAMS 0x00000000a5a00000| PB 0x00000000a5a00000| Complete |  0
| 603|0x00000000a5b00000, 0x00000000a5c00000, 0x00000000a5c00000|100%| E|CS|TAMS 0x00000000a5b00000| PB 0x00000000a5b00000| Complete |  0
| 604|0x00000000a5c00000, 0x00000000a5d00000, 0x00000000a5d00000|100%| E|CS|TAMS 0x00000000a5c00000| PB 0x00000000a5c00000| Complete |  0
| 605|0x00000000a5d00000, 0x00000000a5e00000, 0x00000000a5e00000|100%| E|CS|TAMS 0x00000000a5d00000| PB 0x00000000a5d00000| Complete |  0
| 606|0x00000000a5e00000, 0x00000000a5f00000, 0x00000000a5f00000|100%| E|CS|TAMS 0x00000000a5e00000| PB 0x00000000a5e00000| Complete |  0
| 607|0x00000000a5f00000, 0x00000000a6000000, 0x00000000a6000000|100%| E|CS|TAMS 0x00000000a5f00000| PB 0x00000000a5f00000| Complete |  0
| 608|0x00000000a6000000, 0x00000000a6100000, 0x00000000a6100000|100%| E|CS|TAMS 0x00000000a6000000| PB 0x00000000a6000000| Complete |  0
| 609|0x00000000a6100000, 0x00000000a6200000, 0x00000000a6200000|100%| E|CS|TAMS 0x00000000a6100000| PB 0x00000000a6100000| Complete |  0
| 610|0x00000000a6200000, 0x00000000a6300000, 0x00000000a6300000|100%| E|CS|TAMS 0x00000000a6200000| PB 0x00000000a6200000| Complete |  0
| 611|0x00000000a6300000, 0x00000000a6400000, 0x00000000a6400000|100%| E|CS|TAMS 0x00000000a6300000| PB 0x00000000a6300000| Complete |  0
| 612|0x00000000a6400000, 0x00000000a6500000, 0x00000000a6500000|100%| E|CS|TAMS 0x00000000a6400000| PB 0x00000000a6400000| Complete |  0
| 613|0x00000000a6500000, 0x00000000a6600000, 0x00000000a6600000|100%| E|CS|TAMS 0x00000000a6500000| PB 0x00000000a6500000| Complete |  0
| 614|0x00000000a6600000, 0x00000000a6700000, 0x00000000a6700000|100%| E|CS|TAMS 0x00000000a6600000| PB 0x00000000a6600000| Complete |  0
| 615|0x00000000a6700000, 0x00000000a6800000, 0x00000000a6800000|100%| E|CS|TAMS 0x00000000a6700000| PB 0x00000000a6700000| Complete |  0
| 616|0x00000000a6800000, 0x00000000a6900000, 0x00000000a6900000|100%| E|CS|TAMS 0x00000000a6800000| PB 0x00000000a6800000| Complete |  0
| 617|0x00000000a6900000, 0x00000000a6a00000, 0x00000000a6a00000|100%| E|CS|TAMS 0x00000000a6900000| PB 0x00000000a6900000| Complete |  0
| 618|0x00000000a6a00000, 0x00000000a6b00000, 0x00000000a6b00000|100%| E|CS|TAMS 0x00000000a6a00000| PB 0x00000000a6a00000| Complete |  0
| 619|0x00000000a6b00000, 0x00000000a6c00000, 0x00000000a6c00000|100%| E|CS|TAMS 0x00000000a6b00000| PB 0x00000000a6b00000| Complete |  0
| 620|0x00000000a6c00000, 0x00000000a6d00000, 0x00000000a6d00000|100%| E|CS|TAMS 0x00000000a6c00000| PB 0x00000000a6c00000| Complete |  0
| 621|0x00000000a6d00000, 0x00000000a6e00000, 0x00000000a6e00000|100%| E|CS|TAMS 0x00000000a6d00000| PB 0x00000000a6d00000| Complete |  0
| 622|0x00000000a6e00000, 0x00000000a6f00000, 0x00000000a6f00000|100%| E|CS|TAMS 0x00000000a6e00000| PB 0x00000000a6e00000| Complete |  0
| 623|0x00000000a6f00000, 0x00000000a7000000, 0x00000000a7000000|100%| E|CS|TAMS 0x00000000a6f00000| PB 0x00000000a6f00000| Complete |  0
| 624|0x00000000a7000000, 0x00000000a7100000, 0x00000000a7100000|100%| E|CS|TAMS 0x00000000a7000000| PB 0x00000000a7000000| Complete |  0
| 625|0x00000000a7100000, 0x00000000a7200000, 0x00000000a7200000|100%| E|CS|TAMS 0x00000000a7100000| PB 0x00000000a7100000| Complete |  0
| 626|0x00000000a7200000, 0x00000000a7300000, 0x00000000a7300000|100%| E|CS|TAMS 0x00000000a7200000| PB 0x00000000a7200000| Complete |  0
| 627|0x00000000a7300000, 0x00000000a7400000, 0x00000000a7400000|100%| E|CS|TAMS 0x00000000a7300000| PB 0x00000000a7300000| Complete |  0
| 628|0x00000000a7400000, 0x00000000a7500000, 0x00000000a7500000|100%| E|CS|TAMS 0x00000000a7400000| PB 0x00000000a7400000| Complete |  0
| 629|0x00000000a7500000, 0x00000000a7600000, 0x00000000a7600000|100%| E|CS|TAMS 0x00000000a7500000| PB 0x00000000a7500000| Complete |  0
| 630|0x00000000a7600000, 0x00000000a7700000, 0x00000000a7700000|100%| E|CS|TAMS 0x00000000a7600000| PB 0x00000000a7600000| Complete |  0
| 631|0x00000000a7700000, 0x00000000a7800000, 0x00000000a7800000|100%| E|CS|TAMS 0x00000000a7700000| PB 0x00000000a7700000| Complete |  0
| 632|0x00000000a7800000, 0x00000000a7900000, 0x00000000a7900000|100%| E|CS|TAMS 0x00000000a7800000| PB 0x00000000a7800000| Complete |  0
| 633|0x00000000a7900000, 0x00000000a7a00000, 0x00000000a7a00000|100%| E|CS|TAMS 0x00000000a7900000| PB 0x00000000a7900000| Complete |  0
| 634|0x00000000a7a00000, 0x00000000a7b00000, 0x00000000a7b00000|100%| E|CS|TAMS 0x00000000a7a00000| PB 0x00000000a7a00000| Complete |  0
| 635|0x00000000a7b00000, 0x00000000a7c00000, 0x00000000a7c00000|100%| E|CS|TAMS 0x00000000a7b00000| PB 0x00000000a7b00000| Complete |  0
| 636|0x00000000a7c00000, 0x00000000a7d00000, 0x00000000a7d00000|100%| E|CS|TAMS 0x00000000a7c00000| PB 0x00000000a7c00000| Complete |  0
| 637|0x00000000a7d00000, 0x00000000a7e00000, 0x00000000a7e00000|100%| E|CS|TAMS 0x00000000a7d00000| PB 0x00000000a7d00000| Complete |  0
| 638|0x00000000a7e00000, 0x00000000a7f00000, 0x00000000a7f00000|100%| E|CS|TAMS 0x00000000a7e00000| PB 0x00000000a7e00000| Complete |  0
| 639|0x00000000a7f00000, 0x00000000a8000000, 0x00000000a8000000|100%| E|CS|TAMS 0x00000000a7f00000| PB 0x00000000a7f00000| Complete |  0
| 640|0x00000000a8000000, 0x00000000a8100000, 0x00000000a8100000|100%| E|CS|TAMS 0x00000000a8000000| PB 0x00000000a8000000| Complete |  0
| 641|0x00000000a8100000, 0x00000000a8200000, 0x00000000a8200000|100%| E|CS|TAMS 0x00000000a8100000| PB 0x00000000a8100000| Complete |  0
| 642|0x00000000a8200000, 0x00000000a8300000, 0x00000000a8300000|100%| E|CS|TAMS 0x00000000a8200000| PB 0x00000000a8200000| Complete |  0
| 643|0x00000000a8300000, 0x00000000a8400000, 0x00000000a8400000|100%| E|CS|TAMS 0x00000000a8300000| PB 0x00000000a8300000| Complete |  0
| 644|0x00000000a8400000, 0x00000000a8500000, 0x00000000a8500000|100%| E|CS|TAMS 0x00000000a8400000| PB 0x00000000a8400000| Complete |  0
| 645|0x00000000a8500000, 0x00000000a8600000, 0x00000000a8600000|100%| E|CS|TAMS 0x00000000a8500000| PB 0x00000000a8500000| Complete |  0
| 646|0x00000000a8600000, 0x00000000a8700000, 0x00000000a8700000|100%| E|CS|TAMS 0x00000000a8600000| PB 0x00000000a8600000| Complete |  0
| 647|0x00000000a8700000, 0x00000000a8800000, 0x00000000a8800000|100%| E|CS|TAMS 0x00000000a8700000| PB 0x00000000a8700000| Complete |  0
| 648|0x00000000a8800000, 0x00000000a8900000, 0x00000000a8900000|100%| E|CS|TAMS 0x00000000a8800000| PB 0x00000000a8800000| Complete |  0
| 649|0x00000000a8900000, 0x00000000a8a00000, 0x00000000a8a00000|100%| E|CS|TAMS 0x00000000a8900000| PB 0x00000000a8900000| Complete |  0
| 650|0x00000000a8a00000, 0x00000000a8b00000, 0x00000000a8b00000|100%| E|CS|TAMS 0x00000000a8a00000| PB 0x00000000a8a00000| Complete |  0
| 651|0x00000000a8b00000, 0x00000000a8c00000, 0x00000000a8c00000|100%| E|CS|TAMS 0x00000000a8b00000| PB 0x00000000a8b00000| Complete |  0
| 652|0x00000000a8c00000, 0x00000000a8d00000, 0x00000000a8d00000|100%| E|CS|TAMS 0x00000000a8c00000| PB 0x00000000a8c00000| Complete |  0
| 653|0x00000000a8d00000, 0x00000000a8e00000, 0x00000000a8e00000|100%| E|CS|TAMS 0x00000000a8d00000| PB 0x00000000a8d00000| Complete |  0
| 654|0x00000000a8e00000, 0x00000000a8f00000, 0x00000000a8f00000|100%| E|CS|TAMS 0x00000000a8e00000| PB 0x00000000a8e00000| Complete |  0
| 655|0x00000000a8f00000, 0x00000000a9000000, 0x00000000a9000000|100%| E|CS|TAMS 0x00000000a8f00000| PB 0x00000000a8f00000| Complete |  0
| 656|0x00000000a9000000, 0x00000000a9100000, 0x00000000a9100000|100%| E|CS|TAMS 0x00000000a9000000| PB 0x00000000a9000000| Complete |  0
| 657|0x00000000a9100000, 0x00000000a9200000, 0x00000000a9200000|100%| E|CS|TAMS 0x00000000a9100000| PB 0x00000000a9100000| Complete |  0
| 658|0x00000000a9200000, 0x00000000a9300000, 0x00000000a9300000|100%| E|CS|TAMS 0x00000000a9200000| PB 0x00000000a9200000| Complete |  0
| 659|0x00000000a9300000, 0x00000000a9400000, 0x00000000a9400000|100%| E|CS|TAMS 0x00000000a9300000| PB 0x00000000a9300000| Complete |  0
| 660|0x00000000a9400000, 0x00000000a9500000, 0x00000000a9500000|100%| E|CS|TAMS 0x00000000a9400000| PB 0x00000000a9400000| Complete |  0
| 661|0x00000000a9500000, 0x00000000a9600000, 0x00000000a9600000|100%| E|CS|TAMS 0x00000000a9500000| PB 0x00000000a9500000| Complete |  0
| 662|0x00000000a9600000, 0x00000000a9700000, 0x00000000a9700000|100%| E|CS|TAMS 0x00000000a9600000| PB 0x00000000a9600000| Complete |  0
| 663|0x00000000a9700000, 0x00000000a9800000, 0x00000000a9800000|100%| E|CS|TAMS 0x00000000a9700000| PB 0x00000000a9700000| Complete |  0
| 664|0x00000000a9800000, 0x00000000a9900000, 0x00000000a9900000|100%| E|CS|TAMS 0x00000000a9800000| PB 0x00000000a9800000| Complete |  0
| 665|0x00000000a9900000, 0x00000000a9a00000, 0x00000000a9a00000|100%| E|CS|TAMS 0x00000000a9900000| PB 0x00000000a9900000| Complete |  0
| 666|0x00000000a9a00000, 0x00000000a9b00000, 0x00000000a9b00000|100%| E|CS|TAMS 0x00000000a9a00000| PB 0x00000000a9a00000| Complete |  0
| 667|0x00000000a9b00000, 0x00000000a9c00000, 0x00000000a9c00000|100%| E|CS|TAMS 0x00000000a9b00000| PB 0x00000000a9b00000| Complete |  0
| 668|0x00000000a9c00000, 0x00000000a9d00000, 0x00000000a9d00000|100%| E|CS|TAMS 0x00000000a9c00000| PB 0x00000000a9c00000| Complete |  0
| 669|0x00000000a9d00000, 0x00000000a9e00000, 0x00000000a9e00000|100%| E|CS|TAMS 0x00000000a9d00000| PB 0x00000000a9d00000| Complete |  0
| 670|0x00000000a9e00000, 0x00000000a9f00000, 0x00000000a9f00000|100%| E|CS|TAMS 0x00000000a9e00000| PB 0x00000000a9e00000| Complete |  0
| 671|0x00000000a9f00000, 0x00000000aa000000, 0x00000000aa000000|100%| E|CS|TAMS 0x00000000a9f00000| PB 0x00000000a9f00000| Complete |  0
| 672|0x00000000aa000000, 0x00000000aa100000, 0x00000000aa100000|100%| E|CS|TAMS 0x00000000aa000000| PB 0x00000000aa000000| Complete |  0
| 673|0x00000000aa100000, 0x00000000aa200000, 0x00000000aa200000|100%| E|CS|TAMS 0x00000000aa100000| PB 0x00000000aa100000| Complete |  0
| 674|0x00000000aa200000, 0x00000000aa300000, 0x00000000aa300000|100%| E|CS|TAMS 0x00000000aa200000| PB 0x00000000aa200000| Complete |  0
| 675|0x00000000aa300000, 0x00000000aa400000, 0x00000000aa400000|100%| E|CS|TAMS 0x00000000aa300000| PB 0x00000000aa300000| Complete |  0
| 676|0x00000000aa400000, 0x00000000aa500000, 0x00000000aa500000|100%| E|CS|TAMS 0x00000000aa400000| PB 0x00000000aa400000| Complete |  0
| 677|0x00000000aa500000, 0x00000000aa600000, 0x00000000aa600000|100%| E|CS|TAMS 0x00000000aa500000| PB 0x00000000aa500000| Complete |  0
| 678|0x00000000aa600000, 0x00000000aa700000, 0x00000000aa700000|100%| E|CS|TAMS 0x00000000aa600000| PB 0x00000000aa600000| Complete |  0
| 679|0x00000000aa700000, 0x00000000aa800000, 0x00000000aa800000|100%| E|CS|TAMS 0x00000000aa700000| PB 0x00000000aa700000| Complete |  0
| 680|0x00000000aa800000, 0x00000000aa900000, 0x00000000aa900000|100%| E|CS|TAMS 0x00000000aa800000| PB 0x00000000aa800000| Complete |  0
| 681|0x00000000aa900000, 0x00000000aaa00000, 0x00000000aaa00000|100%| E|CS|TAMS 0x00000000aa900000| PB 0x00000000aa900000| Complete |  0
| 682|0x00000000aaa00000, 0x00000000aab00000, 0x00000000aab00000|100%| E|CS|TAMS 0x00000000aaa00000| PB 0x00000000aaa00000| Complete |  0
| 683|0x00000000aab00000, 0x00000000aac00000, 0x00000000aac00000|100%| E|CS|TAMS 0x00000000aab00000| PB 0x00000000aab00000| Complete |  0
| 684|0x00000000aac00000, 0x00000000aad00000, 0x00000000aad00000|100%| E|CS|TAMS 0x00000000aac00000| PB 0x00000000aac00000| Complete |  0
| 685|0x00000000aad00000, 0x00000000aae00000, 0x00000000aae00000|100%| E|CS|TAMS 0x00000000aad00000| PB 0x00000000aad00000| Complete |  0
| 686|0x00000000aae00000, 0x00000000aaf00000, 0x00000000aaf00000|100%| E|CS|TAMS 0x00000000aae00000| PB 0x00000000aae00000| Complete |  0
| 687|0x00000000aaf00000, 0x00000000ab000000, 0x00000000ab000000|100%| E|CS|TAMS 0x00000000aaf00000| PB 0x00000000aaf00000| Complete |  0
| 688|0x00000000ab000000, 0x00000000ab100000, 0x00000000ab100000|100%| E|CS|TAMS 0x00000000ab000000| PB 0x00000000ab000000| Complete |  0
| 689|0x00000000ab100000, 0x00000000ab200000, 0x00000000ab200000|100%| E|CS|TAMS 0x00000000ab100000| PB 0x00000000ab100000| Complete |  0
| 690|0x00000000ab200000, 0x00000000ab300000, 0x00000000ab300000|100%| E|CS|TAMS 0x00000000ab200000| PB 0x00000000ab200000| Complete |  0
| 691|0x00000000ab300000, 0x00000000ab400000, 0x00000000ab400000|100%| E|CS|TAMS 0x00000000ab300000| PB 0x00000000ab300000| Complete |  0
| 692|0x00000000ab400000, 0x00000000ab500000, 0x00000000ab500000|100%| E|CS|TAMS 0x00000000ab400000| PB 0x00000000ab400000| Complete |  0
| 693|0x00000000ab500000, 0x00000000ab600000, 0x00000000ab600000|100%| E|CS|TAMS 0x00000000ab500000| PB 0x00000000ab500000| Complete |  0
| 694|0x00000000ab600000, 0x00000000ab700000, 0x00000000ab700000|100%| E|CS|TAMS 0x00000000ab600000| PB 0x00000000ab600000| Complete |  0
| 695|0x00000000ab700000, 0x00000000ab800000, 0x00000000ab800000|100%| E|CS|TAMS 0x00000000ab700000| PB 0x00000000ab700000| Complete |  0
| 696|0x00000000ab800000, 0x00000000ab900000, 0x00000000ab900000|100%| E|CS|TAMS 0x00000000ab800000| PB 0x00000000ab800000| Complete |  0
| 697|0x00000000ab900000, 0x00000000aba00000, 0x00000000aba00000|100%| E|CS|TAMS 0x00000000ab900000| PB 0x00000000ab900000| Complete |  0
| 698|0x00000000aba00000, 0x00000000abb00000, 0x00000000abb00000|100%| E|CS|TAMS 0x00000000aba00000| PB 0x00000000aba00000| Complete |  0
| 699|0x00000000abb00000, 0x00000000abc00000, 0x00000000abc00000|100%| E|CS|TAMS 0x00000000abb00000| PB 0x00000000abb00000| Complete |  0
| 700|0x00000000abc00000, 0x00000000abd00000, 0x00000000abd00000|100%| E|CS|TAMS 0x00000000abc00000| PB 0x00000000abc00000| Complete |  0
| 701|0x00000000abd00000, 0x00000000abe00000, 0x00000000abe00000|100%| E|CS|TAMS 0x00000000abd00000| PB 0x00000000abd00000| Complete |  0
| 702|0x00000000abe00000, 0x00000000abf00000, 0x00000000abf00000|100%| E|CS|TAMS 0x00000000abe00000| PB 0x00000000abe00000| Complete |  0
| 703|0x00000000abf00000, 0x00000000ac000000, 0x00000000ac000000|100%| E|CS|TAMS 0x00000000abf00000| PB 0x00000000abf00000| Complete |  0
| 704|0x00000000ac000000, 0x00000000ac100000, 0x00000000ac100000|100%| E|CS|TAMS 0x00000000ac000000| PB 0x00000000ac000000| Complete |  0
| 705|0x00000000ac100000, 0x00000000ac200000, 0x00000000ac200000|100%| E|CS|TAMS 0x00000000ac100000| PB 0x00000000ac100000| Complete |  0
| 706|0x00000000ac200000, 0x00000000ac300000, 0x00000000ac300000|100%| E|CS|TAMS 0x00000000ac200000| PB 0x00000000ac200000| Complete |  0
| 707|0x00000000ac300000, 0x00000000ac400000, 0x00000000ac400000|100%| E|CS|TAMS 0x00000000ac300000| PB 0x00000000ac300000| Complete |  0
| 708|0x00000000ac400000, 0x00000000ac500000, 0x00000000ac500000|100%| E|CS|TAMS 0x00000000ac400000| PB 0x00000000ac400000| Complete |  0
| 709|0x00000000ac500000, 0x00000000ac600000, 0x00000000ac600000|100%| E|CS|TAMS 0x00000000ac500000| PB 0x00000000ac500000| Complete |  0
| 710|0x00000000ac600000, 0x00000000ac700000, 0x00000000ac700000|100%| E|CS|TAMS 0x00000000ac600000| PB 0x00000000ac600000| Complete |  0
| 711|0x00000000ac700000, 0x00000000ac800000, 0x00000000ac800000|100%| S|CS|TAMS 0x00000000ac700000| PB 0x00000000ac700000| Complete |  0
| 712|0x00000000ac800000, 0x00000000ac900000, 0x00000000ac900000|100%| S|CS|TAMS 0x00000000ac800000| PB 0x00000000ac800000| Complete |  0
| 713|0x00000000ac900000, 0x00000000aca00000, 0x00000000aca00000|100%| S|CS|TAMS 0x00000000ac900000| PB 0x00000000ac900000| Complete |  0
| 714|0x00000000aca00000, 0x00000000acb00000, 0x00000000acb00000|100%| S|CS|TAMS 0x00000000aca00000| PB 0x00000000aca00000| Complete |  0
| 715|0x00000000acb00000, 0x00000000acc00000, 0x00000000acc00000|100%| S|CS|TAMS 0x00000000acb00000| PB 0x00000000acb00000| Complete |  0
| 716|0x00000000acc00000, 0x00000000acd00000, 0x00000000acd00000|100%| S|CS|TAMS 0x00000000acc00000| PB 0x00000000acc00000| Complete |  0
| 717|0x00000000acd00000, 0x00000000ace00000, 0x00000000ace00000|100%| S|CS|TAMS 0x00000000acd00000| PB 0x00000000acd00000| Complete |  0
| 718|0x00000000ace00000, 0x00000000acf00000, 0x00000000acf00000|100%| S|CS|TAMS 0x00000000ace00000| PB 0x00000000ace00000| Complete |  0
| 719|0x00000000acf00000, 0x00000000ad000000, 0x00000000ad000000|100%| S|CS|TAMS 0x00000000acf00000| PB 0x00000000acf00000| Complete |  0
| 720|0x00000000ad000000, 0x00000000ad100000, 0x00000000ad100000|100%| S|CS|TAMS 0x00000000ad000000| PB 0x00000000ad000000| Complete |  0
| 721|0x00000000ad100000, 0x00000000ad200000, 0x00000000ad200000|100%| S|CS|TAMS 0x00000000ad100000| PB 0x00000000ad100000| Complete |  0
| 722|0x00000000ad200000, 0x00000000ad300000, 0x00000000ad300000|100%| S|CS|TAMS 0x00000000ad200000| PB 0x00000000ad200000| Complete |  0
| 723|0x00000000ad300000, 0x00000000ad400000, 0x00000000ad400000|100%| S|CS|TAMS 0x00000000ad300000| PB 0x00000000ad300000| Complete |  0
| 724|0x00000000ad400000, 0x00000000ad500000, 0x00000000ad500000|100%| S|CS|TAMS 0x00000000ad400000| PB 0x00000000ad400000| Complete |  0
| 725|0x00000000ad500000, 0x00000000ad600000, 0x00000000ad600000|100%| S|CS|TAMS 0x00000000ad500000| PB 0x00000000ad500000| Complete |  0
| 726|0x00000000ad600000, 0x00000000ad700000, 0x00000000ad700000|100%| S|CS|TAMS 0x00000000ad600000| PB 0x00000000ad600000| Complete |  0
| 727|0x00000000ad700000, 0x00000000ad800000, 0x00000000ad800000|100%| S|CS|TAMS 0x00000000ad700000| PB 0x00000000ad700000| Complete |  0
| 728|0x00000000ad800000, 0x00000000ad900000, 0x00000000ad900000|100%| S|CS|TAMS 0x00000000ad800000| PB 0x00000000ad800000| Complete |  0
| 729|0x00000000ad900000, 0x00000000ada00000, 0x00000000ada00000|100%| S|CS|TAMS 0x00000000ad900000| PB 0x00000000ad900000| Complete |  0
| 730|0x00000000ada00000, 0x00000000adb00000, 0x00000000adb00000|100%| S|CS|TAMS 0x00000000ada00000| PB 0x00000000ada00000| Complete |  0
| 731|0x00000000adb00000, 0x00000000adc00000, 0x00000000adc00000|100%| S|CS|TAMS 0x00000000adb00000| PB 0x00000000adb00000| Complete |  0
| 732|0x00000000adc00000, 0x00000000add00000, 0x00000000add00000|100%| S|CS|TAMS 0x00000000adc00000| PB 0x00000000adc00000| Complete |  0
| 733|0x00000000add00000, 0x00000000ade00000, 0x00000000ade00000|100%| S|CS|TAMS 0x00000000add00000| PB 0x00000000add00000| Complete |  0
| 734|0x00000000ade00000, 0x00000000adf00000, 0x00000000adf00000|100%| S|CS|TAMS 0x00000000ade00000| PB 0x00000000ade00000| Complete |  0
| 735|0x00000000adf00000, 0x00000000ae000000, 0x00000000ae000000|100%| S|CS|TAMS 0x00000000adf00000| PB 0x00000000adf00000| Complete |  0
| 736|0x00000000ae000000, 0x00000000ae100000, 0x00000000ae100000|100%| S|CS|TAMS 0x00000000ae000000| PB 0x00000000ae000000| Complete |  0
| 737|0x00000000ae100000, 0x00000000ae1e4ba0, 0x00000000ae200000| 89%| S|CS|TAMS 0x00000000ae100000| PB 0x00000000ae100000| Complete |  0
|2023|0x00000000fe700000, 0x00000000fe7aed78, 0x00000000fe800000| 68%| O|  |TAMS 0x00000000fe700000| PB 0x00000000fe700000| Untracked |  0
|2024|0x00000000fe800000, 0x00000000fe900000, 0x00000000fe900000|100%| O|  |TAMS 0x00000000fe800000| PB 0x00000000fe800000| Untracked |  0
|2025|0x00000000fe900000, 0x00000000fea00000, 0x00000000fea00000|100%| O|  |TAMS 0x00000000fe900000| PB 0x00000000fe900000| Untracked |  0
|2026|0x00000000fea00000, 0x00000000feb00000, 0x00000000feb00000|100%| O|  |TAMS 0x00000000fea00000| PB 0x00000000fea00000| Untracked |  0
|2027|0x00000000feb00000, 0x00000000fec00000, 0x00000000fec00000|100%| O|  |TAMS 0x00000000feb00000| PB 0x00000000feb00000| Untracked |  0
|2028|0x00000000fec00000, 0x00000000fed00000, 0x00000000fed00000|100%| E|CS|TAMS 0x00000000fec00000| PB 0x00000000fec00000| Complete |  0
|2029|0x00000000fed00000, 0x00000000fee00000, 0x00000000fee00000|100%| O|  |TAMS 0x00000000fed00000| PB 0x00000000fed00000| Untracked |  0
|2030|0x00000000fee00000, 0x00000000fef00000, 0x00000000fef00000|100%| E|CS|TAMS 0x00000000fee00000| PB 0x00000000fee00000| Complete |  0
|2031|0x00000000fef00000, 0x00000000ff000000, 0x00000000ff000000|100%| E|CS|TAMS 0x00000000fef00000| PB 0x00000000fef00000| Complete |  0
|2032|0x00000000ff000000, 0x00000000ff100000, 0x00000000ff100000|100%| O|  |TAMS 0x00000000ff000000| PB 0x00000000ff000000| Untracked |  0
|2033|0x00000000ff100000, 0x00000000ff200000, 0x00000000ff200000|100%| O|  |TAMS 0x00000000ff100000| PB 0x00000000ff100000| Untracked |  0
|2034|0x00000000ff200000, 0x00000000ff300000, 0x00000000ff300000|100%| O|  |TAMS 0x00000000ff200000| PB 0x00000000ff200000| Untracked |  0
|2035|0x00000000ff300000, 0x00000000ff400000, 0x00000000ff400000|100%| O|  |TAMS 0x00000000ff300000| PB 0x00000000ff300000| Untracked |  0
|2036|0x00000000ff400000, 0x00000000ff500000, 0x00000000ff500000|100%| O|  |TAMS 0x00000000ff400000| PB 0x00000000ff400000| Untracked |  0
|2037|0x00000000ff500000, 0x00000000ff600000, 0x00000000ff600000|100%| O|  |TAMS 0x00000000ff500000| PB 0x00000000ff500000| Untracked |  0
|2038|0x00000000ff600000, 0x00000000ff700000, 0x00000000ff700000|100%| O|  |TAMS 0x00000000ff600000| PB 0x00000000ff600000| Untracked |  0
|2039|0x00000000ff700000, 0x00000000ff800000, 0x00000000ff800000|100%| O|  |TAMS 0x00000000ff700000| PB 0x00000000ff700000| Untracked |  0
|2040|0x00000000ff800000, 0x00000000ff900000, 0x00000000ff900000|100%| E|CS|TAMS 0x00000000ff800000| PB 0x00000000ff800000| Complete |  0
|2041|0x00000000ff900000, 0x00000000ffa00000, 0x00000000ffa00000|100%| O|  |TAMS 0x00000000ff900000| PB 0x00000000ff900000| Untracked |  0
|2042|0x00000000ffa00000, 0x00000000ffb00000, 0x00000000ffb00000|100%| O|  |TAMS 0x00000000ffa00000| PB 0x00000000ffa00000| Untracked |  0
|2043|0x00000000ffb00000, 0x00000000ffc00000, 0x00000000ffc00000|100%| O|  |TAMS 0x00000000ffb00000| PB 0x00000000ffb00000| Untracked |  0
|2044|0x00000000ffc00000, 0x00000000ffd00000, 0x00000000ffd00000|100%| O|  |TAMS 0x00000000ffc00000| PB 0x00000000ffc00000| Untracked |  0
|2045|0x00000000ffd00000, 0x00000000ffe00000, 0x00000000ffe00000|100%| O|  |TAMS 0x00000000ffd00000| PB 0x00000000ffd00000| Untracked |  0
|2046|0x00000000ffe00000, 0x00000000fff00000, 0x00000000fff00000|100%| O|  |TAMS 0x00000000ffe00000| PB 0x00000000ffe00000| Untracked |  0
|2047|0x00000000fff00000, 0x0000000100000000, 0x0000000100000000|100%| O|  |TAMS 0x00000000fff00000| PB 0x00000000fff00000| Untracked |  0

Card table byte_map: [0x000001dfc29a0000,0x000001dfc2da0000] _byte_map_base: 0x000001dfc25a0000

Marking Bits: (CMBitMap*) 0x000001dfaf76aa00
 Bits: [0x000001dfc2da0000, 0x000001dfc4da0000)

Polling page: 0x000001dfad900000

Metaspace:
Metaspace        used 169762K, committed 172160K, reserved 1245184K
 class space     used 25234K, committed 26368K, reserved 1048576K

Usage:
  Non-class:    141.14 MB used.
      Class:     24.64 MB used.
       Both:    165.78 MB used.

Virtual space:
  Non-class space:      192.00 MB reserved,     142.38 MB ( 74%) committed,  3 nodes.
      Class space:        1.00 GB reserved,      25.75 MB (  3%) committed,  1 nodes.
             Both:        1.19 GB reserved,     168.12 MB ( 14%) committed. 

Chunk freelists:
   Non-Class:  752.00 KB
       Class:  6.08 MB
        Both:  6.81 MB

MaxMetaspaceSize: unlimited
CompressedClassSpaceSize: 1.00 GB
Initial GC threshold: 21.00 MB
Current GC threshold: 255.25 MB
CDS: off
 - commit_granule_bytes: 65536.
 - commit_granule_words: 8192.
 - virtual_space_node_default_size: 8388608.
 - enlarge_chunks_in_place: 1.
UseCompressedClassPointers 1, UseCompactObjectHeaders 0
Narrow klass pointer bits 32, Max shift 3
Narrow klass base: 0x0000000000000000, Narrow klass shift: 0
Encoding Range: [0x0000000000000000 - 0x0000000100000000), (4294967296 bytes)
Klass Range:    [0x000000000a000000 - 0x000000004a000000), (1073741824 bytes)
Klass ID Range:  [167772160 - 1241513977) (1073741817)
No protection zone.


Internal statistics:

num_allocs_failed_limit: 9.
num_arena_births: 4700.
num_arena_deaths: 152.
num_vsnodes_births: 4.
num_vsnodes_deaths: 0.
num_space_committed: 2688.
num_space_uncommitted: 0.
num_chunks_returned_to_freelist: 232.
num_chunks_taken_from_freelist: 11585.
num_chunk_merges: 99.
num_chunk_splits: 7886.
num_chunks_enlarged: 5444.
num_inconsistent_stats: 0.

CodeHeap 'non-profiled nmethods': size=119232Kb used=13135Kb max_used=13135Kb free=106097Kb
 bounds [0x000001dfba790000, 0x000001dfbb470000, 0x000001dfc1c00000]
CodeHeap 'profiled nmethods': size=119104Kb used=37787Kb max_used=37787Kb free=81316Kb
 bounds [0x000001dfb2c00000, 0x000001dfb50f0000, 0x000001dfba050000]
CodeHeap 'non-nmethods': size=7424Kb used=3835Kb max_used=3973Kb free=3588Kb
 bounds [0x000001dfba050000, 0x000001dfba450000, 0x000001dfba790000]
CodeCache: size=245760Kb, used=54757Kb, max_used=54895Kb, free=191001Kb
 total_blobs=25618, nmethods=24615, adapters=900, full_count=0
Compilation: enabled, stopped_count=0, restarted_count=0

Compilation events (20 events):
Event: 53.610 Thread 0x000001dfcc01cf40 nmethod 29118 0x000001dfb5076e08 code [0x000001dfb5076f00, 0x000001dfb5077198]
Event: 53.610 Thread 0x000001dfcc01cf40 29123       3       com.sun.org.apache.xerces.internal.dom.NodeImpl::hasStringValue (29 bytes)
Event: 53.610 Thread 0x000001dfdaf51dd0 nmethod 29122 0x000001dfb5077208 code [0x000001dfb5077300, 0x000001dfb5077458]
Event: 53.610 Thread 0x000001dfdaf51dd0 29124       1       com.sun.org.apache.xerces.internal.dom.AttrImpl::getNodeType (2 bytes)
Event: 53.610 Thread 0x000001dfcc01cf40 nmethod 29123 0x000001dfb5077508 code [0x000001dfb5077600, 0x000001dfb5077760]
Event: 53.610 Thread 0x000001dfda06a1c0 nmethod 29121 0x000001dfb5077808 code [0x000001dfb5077900, 0x000001dfb5077d10]
Event: 53.611 Thread 0x000001dfda0699b0 nmethod 29120 0x000001dfb5077d88 code [0x000001dfb5077e80, 0x000001dfb5078290]
Event: 53.611 Thread 0x000001dfdaf51dd0 nmethod 29124 0x000001dfbb45e208 code [0x000001dfbb45e300, 0x000001dfbb45e3c8]
Event: 53.611 Thread 0x000001dfcc01cf40 29125       1       com.sun.org.apache.xerces.internal.dom.DocumentImpl::setMutationEvents (6 bytes)
Event: 53.611 Thread 0x000001dfcc01cf40 nmethod 29125 0x000001dfbb45e508 code [0x000001dfbb45e600, 0x000001dfbb45e6c8]
Event: 53.611 Thread 0x000001dfda0699b0 29126       3       com.sun.org.apache.xerces.internal.impl.XMLEntityScanner::skipChar (142 bytes)
Event: 53.611 Thread 0x000001dfdaf51dd0 29127       3       com.sun.org.apache.xerces.internal.impl.XMLEntityScanner::checkLimit (252 bytes)
Event: 53.611 Thread 0x000001dfcc01cf40 29128       3       com.sun.org.apache.xerces.internal.dom.AttrImpl::getNodeName (16 bytes)
Event: 53.611 Thread 0x000001dfda0699b0 nmethod 29126 0x000001dfb5078308 code [0x000001dfb5078400, 0x000001dfb5078760]
Event: 53.611 Thread 0x000001dfcc01cf40 nmethod 29128 0x000001dfb5078788 code [0x000001dfb5078880, 0x000001dfb5078c90]
Event: 53.612 Thread 0x000001dfcc01cf40 29129       3       com.sun.org.apache.xerces.internal.parsers.AbstractSAXParser$AttributesProxy::getLength (10 bytes)
Event: 53.612 Thread 0x000001dfcc01cf40 nmethod 29129 0x000001dfb5078d08 code [0x000001dfb5078e00, 0x000001dfb5078fd0]
Event: 53.612 Thread 0x000001dfcc01cf40 29130       3       com.sun.org.apache.xerces.internal.dom.NodeImpl::isNormalized (55 bytes)
Event: 53.612 Thread 0x000001dfcc01cf40 nmethod 29130 0x000001dfb5079008 code [0x000001dfb5079100, 0x000001dfb50794f0]
Event: 53.613 Thread 0x000001dfdaf51dd0 nmethod 29127 0x000001dfb5079508 code [0x000001dfb5079600, 0x000001dfb507d200]

GC Heap Usage History (20 events):
Event: 29.003 {heap Before GC invocations=65 (full 0):
 garbage-first heap   total reserved 2097152K, committed 342016K, used 279045K [0x0000000080000000, 0x0000000100000000)
  region size 1024K, 80 young (81920K), 6 survivors (6144K)
}
Event: 29.012 {heap After GC invocations=66 (full 0):
 garbage-first heap   total reserved 2097152K, committed 342016K, used 208849K [0x0000000080000000, 0x0000000100000000)
  region size 1024K, 10 young (10240K), 10 survivors (10240K)
}
Event: 29.366 {heap Before GC invocations=66 (full 0):
 garbage-first heap   total reserved 2097152K, committed 342016K, used 314321K [0x0000000080000000, 0x0000000100000000)
  region size 1024K, 114 young (116736K), 10 survivors (10240K)
}
Event: 29.379 {heap After GC invocations=67 (full 0):
 garbage-first heap   total reserved 2097152K, committed 410624K, used 212348K [0x0000000080000000, 0x0000000100000000)
  region size 1024K, 12 young (12288K), 12 survivors (12288K)
}
Event: 29.759 {heap Before GC invocations=67 (full 0):
 garbage-first heap   total reserved 2097152K, committed 410624K, used 375164K [0x0000000080000000, 0x0000000100000000)
  region size 1024K, 171 young (175104K), 12 survivors (12288K)
}
Event: 29.770 {heap After GC invocations=68 (full 0):
 garbage-first heap   total reserved 2097152K, committed 410624K, used 218671K [0x0000000080000000, 0x0000000100000000)
  region size 1024K, 16 young (16384K), 16 survivors (16384K)
}
Event: 30.058 {heap Before GC invocations=68 (full 0):
 garbage-first heap   total reserved 2097152K, committed 410624K, used 379439K [0x0000000080000000, 0x0000000100000000)
  region size 1024K, 174 young (178176K), 16 survivors (16384K)
}
Event: 30.073 {heap After GC invocations=69 (full 0):
 garbage-first heap   total reserved 2097152K, committed 410624K, used 223071K [0x0000000080000000, 0x0000000100000000)
  region size 1024K, 18 young (18432K), 18 survivors (18432K)
}
Event: 30.357 {heap Before GC invocations=69 (full 0):
 garbage-first heap   total reserved 2097152K, committed 410624K, used 380767K [0x0000000080000000, 0x0000000100000000)
  region size 1024K, 173 young (177152K), 18 survivors (18432K)
}
Event: 30.373 {heap After GC invocations=70 (full 0):
 garbage-first heap   total reserved 2097152K, committed 410624K, used 230400K [0x0000000080000000, 0x0000000100000000)
  region size 1024K, 16 young (16384K), 16 survivors (16384K)
}
Event: 30.769 {heap Before GC invocations=71 (full 0):
 garbage-first heap   total reserved 2097152K, committed 410624K, used 384000K [0x0000000080000000, 0x0000000100000000)
  region size 1024K, 167 young (171008K), 16 survivors (16384K)
}
Event: 30.782 {heap After GC invocations=72 (full 0):
 garbage-first heap   total reserved 2097152K, committed 410624K, used 234808K [0x0000000080000000, 0x0000000100000000)
  region size 1024K, 12 young (12288K), 12 survivors (12288K)
}
Event: 31.008 {heap Before GC invocations=72 (full 0):
 garbage-first heap   total reserved 2097152K, committed 410624K, used 385336K [0x0000000080000000, 0x0000000100000000)
  region size 1024K, 160 young (163840K), 12 survivors (12288K)
}
Event: 31.021 {heap After GC invocations=73 (full 0):
 garbage-first heap   total reserved 2097152K, committed 410624K, used 232369K [0x0000000080000000, 0x0000000100000000)
  region size 1024K, 9 young (9216K), 9 survivors (9216K)
}
Event: 31.349 {heap Before GC invocations=73 (full 0):
 garbage-first heap   total reserved 2097152K, committed 410624K, used 388017K [0x0000000080000000, 0x0000000100000000)
  region size 1024K, 162 young (165888K), 9 survivors (9216K)
}
Event: 31.361 {heap After GC invocations=74 (full 0):
 garbage-first heap   total reserved 2097152K, committed 748544K, used 235441K [0x0000000080000000, 0x0000000100000000)
  region size 1024K, 12 young (12288K), 12 survivors (12288K)
}
Event: 33.207 {heap Before GC invocations=75 (full 0):
 garbage-first heap   total reserved 2097152K, committed 748544K, used 670641K [0x0000000080000000, 0x0000000100000000)
  region size 1024K, 438 young (448512K), 12 survivors (12288K)
}
Event: 33.221 {heap After GC invocations=76 (full 0):
 garbage-first heap   total reserved 2097152K, committed 748544K, used 241200K [0x0000000080000000, 0x0000000100000000)
  region size 1024K, 18 young (18432K), 18 survivors (18432K)
}
Event: 37.209 {heap Before GC invocations=76 (full 0):
 garbage-first heap   total reserved 2097152K, committed 748544K, used 747056K [0x0000000080000000, 0x0000000100000000)
  region size 1024K, 352 young (360448K), 18 survivors (18432K)
}
Event: 37.231 {heap After GC invocations=77 (full 0):
 garbage-first heap   total reserved 2097152K, committed 781312K, used 241230K [0x0000000080000000, 0x0000000100000000)
  region size 1024K, 27 young (27648K), 27 survivors (27648K)
}

Metaspace Usage History (20 events):
Event: 29.003 {metaspace Before GC invocations=65 (full 0):
 Metaspace       used 150889K, committed 153280K, reserved 1179648K
  class space    used 23016K, committed 24128K, reserved 1048576K
}
Event: 29.012 {metaspace After GC invocations=66 (full 0):
 Metaspace       used 150889K, committed 153280K, reserved 1179648K
  class space    used 23016K, committed 24128K, reserved 1048576K
}
Event: 29.366 {metaspace Before GC invocations=66 (full 0):
 Metaspace       used 152243K, committed 154624K, reserved 1179648K
  class space    used 23225K, committed 24320K, reserved 1048576K
}
Event: 29.379 {metaspace After GC invocations=67 (full 0):
 Metaspace       used 152243K, committed 154624K, reserved 1179648K
  class space    used 23225K, committed 24320K, reserved 1048576K
}
Event: 29.759 {metaspace Before GC invocations=67 (full 0):
 Metaspace       used 152824K, committed 155136K, reserved 1179648K
  class space    used 23314K, committed 24384K, reserved 1048576K
}
Event: 29.770 {metaspace After GC invocations=68 (full 0):
 Metaspace       used 152824K, committed 155136K, reserved 1179648K
  class space    used 23314K, committed 24384K, reserved 1048576K
}
Event: 30.058 {metaspace Before GC invocations=68 (full 0):
 Metaspace       used 152957K, committed 155328K, reserved 1179648K
  class space    used 23321K, committed 24384K, reserved 1048576K
}
Event: 30.073 {metaspace After GC invocations=69 (full 0):
 Metaspace       used 152957K, committed 155328K, reserved 1179648K
  class space    used 23321K, committed 24384K, reserved 1048576K
}
Event: 30.357 {metaspace Before GC invocations=69 (full 0):
 Metaspace       used 153059K, committed 155456K, reserved 1245184K
  class space    used 23340K, committed 24448K, reserved 1048576K
}
Event: 30.373 {metaspace After GC invocations=70 (full 0):
 Metaspace       used 153059K, committed 155456K, reserved 1245184K
  class space    used 23340K, committed 24448K, reserved 1048576K
}
Event: 30.769 {metaspace Before GC invocations=71 (full 0):
 Metaspace       used 153010K, committed 155520K, reserved 1245184K
  class space    used 23315K, committed 24448K, reserved 1048576K
}
Event: 30.782 {metaspace After GC invocations=72 (full 0):
 Metaspace       used 153010K, committed 155520K, reserved 1245184K
  class space    used 23315K, committed 24448K, reserved 1048576K
}
Event: 31.008 {metaspace Before GC invocations=72 (full 0):
 Metaspace       used 153112K, committed 155520K, reserved 1245184K
  class space    used 23335K, committed 24448K, reserved 1048576K
}
Event: 31.021 {metaspace After GC invocations=73 (full 0):
 Metaspace       used 153112K, committed 155520K, reserved 1245184K
  class space    used 23335K, committed 24448K, reserved 1048576K
}
Event: 31.349 {metaspace Before GC invocations=73 (full 0):
 Metaspace       used 154005K, committed 156352K, reserved 1245184K
  class space    used 23494K, committed 24576K, reserved 1048576K
}
Event: 31.361 {metaspace After GC invocations=74 (full 0):
 Metaspace       used 154005K, committed 156352K, reserved 1245184K
  class space    used 23494K, committed 24576K, reserved 1048576K
}
Event: 33.207 {metaspace Before GC invocations=75 (full 0):
 Metaspace       used 156469K, committed 158784K, reserved 1245184K
  class space    used 23824K, committed 24896K, reserved 1048576K
}
Event: 33.221 {metaspace After GC invocations=76 (full 0):
 Metaspace       used 156469K, committed 158784K, reserved 1245184K
  class space    used 23824K, committed 24896K, reserved 1048576K
}
Event: 37.209 {metaspace Before GC invocations=76 (full 0):
 Metaspace       used 167987K, committed 170304K, reserved 1245184K
  class space    used 25092K, committed 26176K, reserved 1048576K
}
Event: 37.231 {metaspace After GC invocations=77 (full 0):
 Metaspace       used 167987K, committed 170304K, reserved 1245184K
  class space    used 25092K, committed 26176K, reserved 1048576K
}

Dll operation events (3 events):
Event: 0.012 Loaded shared library C:\Program Files\Android\Android Studio\jbr\bin\java.dll
Event: 0.018 Loaded shared library C:\Program Files\Android\Android Studio\jbr\bin\zip.dll
Event: 0.794 Loaded shared library C:\Program Files\Android\Android Studio\jbr\bin\verify.dll

Deoptimization events (20 events):
Event: 53.577 Thread 0x000001dfd4a1e8b0 Uncommon trap: trap_request=0xffffff45 fr.pc=0x000001dfbaf84120 relative=0x00000000000004a0
Event: 53.577 Thread 0x000001dfd4a1e8b0 Uncommon trap: reason=unstable_if action=reinterpret pc=0x000001dfbaf84120 method=java.util.regex.Pattern.escape(ZZZ)I @ 8 c2
Event: 53.577 Thread 0x000001dfd4a1e8b0 DEOPT PACKING pc=0x000001dfbaf84120 sp=0x00000071037f9db0
Event: 53.577 Thread 0x000001dfd4a1e8b0 DEOPT UNPACKING pc=0x000001dfba168582 sp=0x00000071037f9d28 mode 2
Event: 53.585 Thread 0x000001dfd4a1e8b0 Uncommon trap: trap_request=0xffffffde fr.pc=0x000001dfbb354d2c relative=0x0000000000000c2c
Event: 53.585 Thread 0x000001dfd4a1e8b0 Uncommon trap: reason=class_check action=maybe_recompile pc=0x000001dfbb354d2c method=java.lang.Module.isExplicitlyExportedOrOpened(Ljava/lang/String;Ljava/lang/Module;Z)Z @ 15 c2
Event: 53.585 Thread 0x000001dfd4a1e8b0 DEOPT PACKING pc=0x000001dfbb354d2c sp=0x00000071037f8f90
Event: 53.585 Thread 0x000001dfd4a1e8b0 DEOPT UNPACKING pc=0x000001dfba168582 sp=0x00000071037f8f20 mode 2
Event: 53.585 Thread 0x000001dfd4a1e8b0 Uncommon trap: trap_request=0xffffffde fr.pc=0x000001dfbb354d2c relative=0x0000000000000c2c
Event: 53.585 Thread 0x000001dfd4a1e8b0 Uncommon trap: reason=class_check action=maybe_recompile pc=0x000001dfbb354d2c method=java.lang.Module.isExplicitlyExportedOrOpened(Ljava/lang/String;Ljava/lang/Module;Z)Z @ 15 c2
Event: 53.585 Thread 0x000001dfd4a1e8b0 DEOPT PACKING pc=0x000001dfbb354d2c sp=0x00000071037f8f20
Event: 53.585 Thread 0x000001dfd4a1e8b0 DEOPT UNPACKING pc=0x000001dfba168582 sp=0x00000071037f8eb0 mode 2
Event: 53.585 Thread 0x000001dfd4a1e8b0 Uncommon trap: trap_request=0xffffffde fr.pc=0x000001dfbb354d2c relative=0x0000000000000c2c
Event: 53.585 Thread 0x000001dfd4a1e8b0 Uncommon trap: reason=class_check action=maybe_recompile pc=0x000001dfbb354d2c method=java.lang.Module.isExplicitlyExportedOrOpened(Ljava/lang/String;Ljava/lang/Module;Z)Z @ 15 c2
Event: 53.585 Thread 0x000001dfd4a1e8b0 DEOPT PACKING pc=0x000001dfbb354d2c sp=0x00000071037f8f30
Event: 53.585 Thread 0x000001dfd4a1e8b0 DEOPT UNPACKING pc=0x000001dfba168582 sp=0x00000071037f8ec0 mode 2
Event: 53.585 Thread 0x000001dfd4a1e8b0 Uncommon trap: trap_request=0xffffffde fr.pc=0x000001dfbb354d2c relative=0x0000000000000c2c
Event: 53.585 Thread 0x000001dfd4a1e8b0 Uncommon trap: reason=class_check action=maybe_recompile pc=0x000001dfbb354d2c method=java.lang.Module.isExplicitlyExportedOrOpened(Ljava/lang/String;Ljava/lang/Module;Z)Z @ 15 c2
Event: 53.585 Thread 0x000001dfd4a1e8b0 DEOPT PACKING pc=0x000001dfbb354d2c sp=0x00000071037f92a0
Event: 53.585 Thread 0x000001dfd4a1e8b0 DEOPT UNPACKING pc=0x000001dfba168582 sp=0x00000071037f9230 mode 2

Classes loaded (20 events):
Event: 53.600 Loading class com/sun/org/apache/xerces/internal/dom/AttrImpl done
Event: 53.600 Loading class com/sun/org/apache/xerces/internal/dom/AttrNSImpl done
Event: 53.600 Loading class com/sun/org/apache/xerces/internal/dom/AttributeMap
Event: 53.600 Loading class com/sun/org/apache/xerces/internal/dom/NamedNodeMapImpl
Event: 53.600 Loading class com/sun/org/apache/xerces/internal/dom/NamedNodeMapImpl done
Event: 53.600 Loading class com/sun/org/apache/xerces/internal/dom/AttributeMap done
Event: 53.602 Loading class com/sun/org/apache/xerces/internal/dom/TextImpl
Event: 53.602 Loading class org/w3c/dom/CharacterData
Event: 53.602 Loading class org/w3c/dom/CharacterData done
Event: 53.602 Loading class org/w3c/dom/Text
Event: 53.602 Loading class org/w3c/dom/Text done
Event: 53.602 Loading class com/sun/org/apache/xerces/internal/dom/CharacterDataImpl
Event: 53.602 Loading class com/sun/org/apache/xerces/internal/dom/CharacterDataImpl done
Event: 53.602 Loading class com/sun/org/apache/xerces/internal/dom/TextImpl done
Event: 53.603 Loading class com/sun/org/apache/xerces/internal/dom/CharacterDataImpl$1
Event: 53.603 Loading class com/sun/org/apache/xerces/internal/dom/CharacterDataImpl$1 done
Event: 53.603 Loading class com/sun/org/apache/xerces/internal/dom/CommentImpl
Event: 53.603 Loading class org/w3c/dom/Comment
Event: 53.604 Loading class org/w3c/dom/Comment done
Event: 53.604 Loading class com/sun/org/apache/xerces/internal/dom/CommentImpl done

Classes unloaded (20 events):
Event: 30.624 Thread 0x000001dfc7aba290 Unloading class 0x000000000b61ac00 'java/lang/invoke/LambdaForm$DMH+0x000000000b61ac00'
Event: 30.624 Thread 0x000001dfc7aba290 Unloading class 0x000000000b61a400 'java/lang/invoke/LambdaForm$DMH+0x000000000b61a400'
Event: 30.624 Thread 0x000001dfc7aba290 Unloading class 0x000000000b61a000 'java/lang/invoke/LambdaForm$DMH+0x000000000b61a000'
Event: 30.624 Thread 0x000001dfc7aba290 Unloading class 0x000000000b61b000 'java/lang/invoke/LambdaForm$DMH+0x000000000b61b000'
Event: 30.624 Thread 0x000001dfc7aba290 Unloading class 0x000000000b619c00 'java/lang/invoke/LambdaForm$DMH+0x000000000b619c00'
Event: 30.624 Thread 0x000001dfc7aba290 Unloading class 0x000000000b619400 'java/lang/invoke/LambdaForm$DMH+0x000000000b619400'
Event: 30.624 Thread 0x000001dfc7aba290 Unloading class 0x000000000b618800 'java/lang/invoke/LambdaForm$DMH+0x000000000b618800'
Event: 30.624 Thread 0x000001dfc7aba290 Unloading class 0x000000000b619800 'java/lang/invoke/LambdaForm$DMH+0x000000000b619800'
Event: 30.624 Thread 0x000001dfc7aba290 Unloading class 0x000000000b618400 'java/lang/invoke/LambdaForm$DMH+0x000000000b618400'
Event: 30.624 Thread 0x000001dfc7aba290 Unloading class 0x000000000b619000 'java/lang/invoke/LambdaForm$DMH+0x000000000b619000'
Event: 30.624 Thread 0x000001dfc7aba290 Unloading class 0x000000000b618000 'java/lang/invoke/LambdaForm$DMH+0x000000000b618000'
Event: 30.624 Thread 0x000001dfc7aba290 Unloading class 0x000000000b579400 'java/lang/invoke/LambdaForm$DMH+0x000000000b579400'
Event: 30.624 Thread 0x000001dfc7aba290 Unloading class 0x000000000b579000 'java/lang/invoke/LambdaForm$DMH+0x000000000b579000'
Event: 30.624 Thread 0x000001dfc7aba290 Unloading class 0x000000000b578c00 'java/lang/invoke/LambdaForm$DMH+0x000000000b578c00'
Event: 30.624 Thread 0x000001dfc7aba290 Unloading class 0x000000000b578000 'java/lang/invoke/LambdaForm$DMH+0x000000000b578000'
Event: 30.624 Thread 0x000001dfc7aba290 Unloading class 0x000000000b578800 'java/lang/invoke/LambdaForm$DMH+0x000000000b578800'
Event: 30.624 Thread 0x000001dfc7aba290 Unloading class 0x000000000b57a400 'java/lang/invoke/LambdaForm$DMH+0x000000000b57a400'
Event: 30.624 Thread 0x000001dfc7aba290 Unloading class 0x000000000b57a000 'java/lang/invoke/LambdaForm$DMH+0x000000000b57a000'
Event: 30.624 Thread 0x000001dfc7aba290 Unloading class 0x000000000b579c00 'java/lang/invoke/LambdaForm$DMH+0x000000000b579c00'
Event: 30.624 Thread 0x000001dfc7aba290 Unloading class 0x000000000b579800 'java/lang/invoke/LambdaForm$DMH+0x000000000b579800'

Classes redefined (0 events):
No events

Internal exceptions (20 events):
Event: 53.581 Thread 0x000001dfd4a1e8b0 Exception <a 'sun/nio/fs/WindowsException'{0x00000000a22f7b48}> (0x00000000a22f7b48) 
thrown [s\src\hotspot\share\prims\jni.cpp, line 535]
Event: 53.582 Thread 0x000001dfd4a1e8b0 Exception <a 'sun/nio/fs/WindowsException'{0x00000000a2102580}> (0x00000000a2102580) 
thrown [s\src\hotspot\share\prims\jni.cpp, line 535]
Event: 53.583 Thread 0x000001dfd4a1e8b0 Exception <a 'sun/nio/fs/WindowsException'{0x00000000a210ebc0}> (0x00000000a210ebc0) 
thrown [s\src\hotspot\share\prims\jni.cpp, line 535]
Event: 53.584 Thread 0x000001dfd4a1e8b0 Exception <a 'sun/nio/fs/WindowsException'{0x00000000a2116d08}> (0x00000000a2116d08) 
thrown [s\src\hotspot\share\prims\jni.cpp, line 535]
Event: 53.585 Thread 0x000001dfd4a1e8b0 Exception <a 'sun/nio/fs/WindowsException'{0x00000000a21284f8}> (0x00000000a21284f8) 
thrown [s\src\hotspot\share\prims\jni.cpp, line 535]
Event: 53.591 Thread 0x000001dfd4a1e8b0 Exception <a 'sun/nio/fs/WindowsException'{0x00000000a21758e0}> (0x00000000a21758e0) 
thrown [s\src\hotspot\share\prims\jni.cpp, line 535]
Event: 53.601 Thread 0x000001dfd4a1e8b0 Exception <a 'sun/nio/fs/WindowsException'{0x00000000a21af518}> (0x00000000a21af518) 
thrown [s\src\hotspot\share\prims\jni.cpp, line 535]
Event: 53.613 Thread 0x000001dfd4a1e8b0 Exception <a 'sun/nio/fs/WindowsException'{0x00000000a21d4bb0}> (0x00000000a21d4bb0) 
thrown [s\src\hotspot\share\prims\jni.cpp, line 535]
Event: 53.615 Thread 0x000001dfd4a1e8b0 Exception <a 'sun/nio/fs/WindowsException'{0x00000000a201ba28}> (0x00000000a201ba28) 
thrown [s\src\hotspot\share\prims\jni.cpp, line 535]
Event: 53.616 Thread 0x000001dfd4a1e8b0 Exception <a 'sun/nio/fs/WindowsException'{0x00000000a2024ae8}> (0x00000000a2024ae8) 
thrown [s\src\hotspot\share\prims\jni.cpp, line 535]
Event: 53.618 Thread 0x000001dfd4a1e8b0 Exception <a 'sun/nio/fs/WindowsException'{0x00000000a207e470}> (0x00000000a207e470) 
thrown [s\src\hotspot\share\prims\jni.cpp, line 535]
Event: 53.619 Thread 0x000001dfd4a1e8b0 Exception <a 'sun/nio/fs/WindowsException'{0x00000000a20941b0}> (0x00000000a20941b0) 
thrown [s\src\hotspot\share\prims\jni.cpp, line 535]
Event: 53.620 Thread 0x000001dfd4a1e8b0 Exception <a 'sun/nio/fs/WindowsException'{0x00000000a20a2cc0}> (0x00000000a20a2cc0) 
thrown [s\src\hotspot\share\prims\jni.cpp, line 535]
Event: 53.622 Thread 0x000001dfd4a1e8b0 Exception <a 'sun/nio/fs/WindowsException'{0x00000000a20b3680}> (0x00000000a20b3680) 
thrown [s\src\hotspot\share\prims\jni.cpp, line 535]
Event: 53.623 Thread 0x000001dfd4a1e8b0 Exception <a 'sun/nio/fs/WindowsException'{0x00000000a20c5968}> (0x00000000a20c5968) 
thrown [s\src\hotspot\share\prims\jni.cpp, line 535]
Event: 53.624 Thread 0x000001dfd4a1e8b0 Exception <a 'sun/nio/fs/WindowsException'{0x00000000a20e1198}> (0x00000000a20e1198) 
thrown [s\src\hotspot\share\prims\jni.cpp, line 535]
Event: 53.626 Thread 0x000001dfd4a1e8b0 Exception <a 'sun/nio/fs/WindowsException'{0x00000000a1f07a80}> (0x00000000a1f07a80) 
thrown [s\src\hotspot\share\prims\jni.cpp, line 535]
Event: 53.627 Thread 0x000001dfd4a1e8b0 Exception <a 'sun/nio/fs/WindowsException'{0x00000000a1f119a0}> (0x00000000a1f119a0) 
thrown [s\src\hotspot\share\prims\jni.cpp, line 535]
Event: 53.628 Thread 0x000001dfd4a1e8b0 Exception <a 'sun/nio/fs/WindowsException'{0x00000000a1f1cd00}> (0x00000000a1f1cd00) 
thrown [s\src\hotspot\share\prims\jni.cpp, line 535]
Event: 53.629 Thread 0x000001dfd4a1e8b0 Exception <a 'sun/nio/fs/WindowsException'{0x00000000a1f27ed8}> (0x00000000a1f27ed8) 
thrown [s\src\hotspot\share\prims\jni.cpp, line 535]

VM Operations (20 events):
Event: 35.257 Executing non-safepoint VM operation: HandshakeAllThreads (Deoptimize)
Event: 35.257 Executing non-safepoint VM operation: HandshakeAllThreads (Deoptimize) done
Event: 35.261 Executing non-safepoint VM operation: HandshakeAllThreads (Deoptimize)
Event: 35.261 Executing non-safepoint VM operation: HandshakeAllThreads (Deoptimize) done
Event: 35.383 Executing non-safepoint VM operation: HandshakeAllThreads (Deoptimize)
Event: 35.383 Executing non-safepoint VM operation: HandshakeAllThreads (Deoptimize) done
Event: 35.505 Executing non-safepoint VM operation: HandshakeAllThreads (Deoptimize)
Event: 35.505 Executing non-safepoint VM operation: HandshakeAllThreads (Deoptimize) done
Event: 36.577 Executing non-safepoint VM operation: HandshakeAllThreads (Deoptimize)
Event: 36.577 Executing non-safepoint VM operation: HandshakeAllThreads (Deoptimize) done
Event: 36.613 Executing non-safepoint VM operation: HandshakeAllThreads (Deoptimize)
Event: 36.614 Executing non-safepoint VM operation: HandshakeAllThreads (Deoptimize) done
Event: 36.656 Executing non-safepoint VM operation: HandshakeAllThreads (Deoptimize)
Event: 36.657 Executing non-safepoint VM operation: HandshakeAllThreads (Deoptimize) done
Event: 36.690 Executing non-safepoint VM operation: HandshakeAllThreads (Deoptimize)
Event: 36.690 Executing non-safepoint VM operation: HandshakeAllThreads (Deoptimize) done
Event: 37.208 Executing non-safepoint VM operation: HandshakeAllThreads (Deoptimize)
Event: 37.208 Executing non-safepoint VM operation: HandshakeAllThreads (Deoptimize) done
Event: 37.209 Executing safepoint VM operation: G1CollectForAllocation (G1 Evacuation Pause)
Event: 37.231 Executing safepoint VM operation: G1CollectForAllocation (G1 Evacuation Pause) done

Memory protections (0 events):
No events

Nmethod flushes (20 events):
Event: 31.628 Thread 0x000001dfc7aba290 flushing  nmethod 0x000001dfb42c8c08
Event: 31.628 Thread 0x000001dfc7aba290 flushing  nmethod 0x000001dfb42ca808
Event: 31.628 Thread 0x000001dfc7aba290 flushing  nmethod 0x000001dfb42cb108
Event: 31.628 Thread 0x000001dfc7aba290 flushing  nmethod 0x000001dfb42cbb08
Event: 31.628 Thread 0x000001dfc7aba290 flushing  nmethod 0x000001dfb42cbe88
Event: 31.628 Thread 0x000001dfc7aba290 flushing  nmethod 0x000001dfb42cd208
Event: 31.628 Thread 0x000001dfc7aba290 flushing  nmethod 0x000001dfb43a4208
Event: 31.628 Thread 0x000001dfc7aba290 flushing  nmethod 0x000001dfb43a4588
Event: 31.628 Thread 0x000001dfc7aba290 flushing  nmethod 0x000001dfb43a5288
Event: 31.628 Thread 0x000001dfc7aba290 flushing  nmethod 0x000001dfb44bf888
Event: 31.628 Thread 0x000001dfc7aba290 flushing  nmethod 0x000001dfb44c5f08
Event: 31.628 Thread 0x000001dfc7aba290 flushing  nmethod 0x000001dfb44c7508
Event: 31.628 Thread 0x000001dfc7aba290 flushing  nmethod 0x000001dfb44c8008
Event: 31.628 Thread 0x000001dfc7aba290 flushing  nmethod 0x000001dfb45bcd08
Event: 31.628 Thread 0x000001dfc7aba290 flushing  nmethod 0x000001dfb45bd808
Event: 31.628 Thread 0x000001dfc7aba290 flushing  nmethod 0x000001dfb45c3308
Event: 31.628 Thread 0x000001dfc7aba290 flushing  nmethod 0x000001dfb46de788
Event: 31.628 Thread 0x000001dfc7aba290 flushing  nmethod 0x000001dfb46dea88
Event: 31.628 Thread 0x000001dfc7aba290 flushing  nmethod 0x000001dfb4786c88
Event: 31.628 Thread 0x000001dfc7aba290 flushing  nmethod 0x000001dfb4786f88

Events (20 events):
Event: 52.973 Thread 0x000001dfceec24c0 Thread added: 0x000001dfd4a18320
Event: 53.102 Thread 0x000001dfceec24c0 Thread added: 0x000001dfd4a1c1a0
Event: 53.103 Thread 0x000001dfceec24c0 Thread added: 0x000001dfd4a20fc0
Event: 53.127 Thread 0x000001dfceec24c0 Thread added: 0x000001dfd4a1e0e0
Event: 53.128 Thread 0x000001dfd4a1e0e0 Thread added: 0x000001dfd4a1e8b0
Event: 53.128 Thread 0x000001dfd4a1e0e0 Thread added: 0x000001dfd4a22730
Event: 53.128 Thread 0x000001dfd4a1e0e0 Thread added: 0x000001dfd4a20020
Event: 53.128 Thread 0x000001dfd4a1e0e0 Thread added: 0x000001dfd4a265b0
Event: 53.128 Thread 0x000001dfd4a1e0e0 Thread added: 0x000001dfd4a23ea0
Event: 53.128 Thread 0x000001dfd4a1e0e0 Thread added: 0x000001dfd4a24e40
Event: 53.128 Thread 0x000001dfd4a1e0e0 Thread added: 0x000001dfd4a26d80
Event: 53.128 Thread 0x000001dfd4a1e0e0 Thread added: 0x000001dfd4a29490
Event: 53.128 Thread 0x000001dfd4a1e0e0 Thread added: 0x000001dfd4a27550
Event: 53.128 Thread 0x000001dfd4a1e0e0 Thread added: 0x000001dfd4a284f0
Event: 53.129 Thread 0x000001dfd4a1e0e0 Thread added: 0x000001dfcc5fa4d0
Event: 53.129 Thread 0x000001dfd4a1e0e0 Thread added: 0x000001dfcc5faca0
Event: 53.129 Thread 0x000001dfd4a1e0e0 Thread added: 0x000001dfcc5f9d00
Event: 53.129 Thread 0x000001dfd4a1e0e0 Thread added: 0x000001dfcc5fc410
Event: 53.129 Thread 0x000001dfd4a1e0e0 Thread added: 0x000001dfcc5fdb80
Event: 53.129 Thread 0x000001dfd4a1e8b0 Thread added: 0x000001dfcc5fd3b0


Dynamic libraries:
0x00007ff7c1c00000 - 0x00007ff7c1c0a000 	C:\Program Files\Android\Android Studio\jbr\bin\java.exe
0x00007ffc99e00000 - 0x00007ffc9a067000 	C:\WINDOWS\SYSTEM32\ntdll.dll
0x00007ffc97e10000 - 0x00007ffc97edb000 	C:\WINDOWS\System32\KERNEL32.DLL
0x00007ffc97530000 - 0x00007ffc97932000 	C:\WINDOWS\System32\KERNELBASE.dll
0x00007ffc97000000 - 0x00007ffc9714c000 	C:\WINDOWS\System32\ucrtbase.dll
0x00007ffc935b0000 - 0x00007ffc935cb000 	C:\Program Files\Android\Android Studio\jbr\bin\VCRUNTIME140.dll
0x00007ffc89160000 - 0x00007ffc89176000 	C:\Program Files\Android\Android Studio\jbr\bin\jli.dll
0x00007ffc97c30000 - 0x00007ffc97dff000 	C:\WINDOWS\System32\USER32.dll
0x00007ffc808f0000 - 0x00007ffc80b80000 	C:\WINDOWS\WinSxS\amd64_microsoft.windows.common-controls_6595b64144ccf1df_6.0.26100.9278_none_3e0d1ba8e3303201\COMCTL32.dll
0x00007ffc97160000 - 0x00007ffc97187000 	C:\WINDOWS\System32\win32u.dll
0x00007ffc98d70000 - 0x00007ffc98d9b000 	C:\WINDOWS\System32\GDI32.dll
0x00007ffc98da0000 - 0x00007ffc98e49000 	C:\WINDOWS\System32\msvcrt.dll
0x00007ffc97940000 - 0x00007ffc97a69000 	C:\WINDOWS\System32\gdi32full.dll
0x00007ffc97a70000 - 0x00007ffc97b13000 	C:\WINDOWS\System32\msvcp_win.dll
0x00007ffc98730000 - 0x00007ffc98761000 	C:\WINDOWS\System32\IMM32.DLL
0x00007ffc935d0000 - 0x00007ffc935dc000 	C:\Program Files\Android\Android Studio\jbr\bin\vcruntime140_1.dll
0x00007ffc5e330000 - 0x00007ffc5e3bd000 	C:\Program Files\Android\Android Studio\jbr\bin\msvcp140.dll
0x00007ffc2a770000 - 0x00007ffc2b64a000 	C:\Program Files\Android\Android Studio\jbr\bin\server\jvm.dll
0x00007ffc99950000 - 0x00007ffc99a0c000 	C:\WINDOWS\System32\ADVAPI32.dll
0x00007ffc97b20000 - 0x00007ffc97bc9000 	C:\WINDOWS\System32\sechost.dll
0x00007ffc994f0000 - 0x00007ffc99608000 	C:\WINDOWS\System32\RPCRT4.dll
0x00007ffc98680000 - 0x00007ffc98700000 	C:\WINDOWS\System32\WS2_32.dll
0x00007ffc96db0000 - 0x00007ffc96e0e000 	C:\WINDOWS\SYSTEM32\POWRPROF.dll
0x00007ffc8db30000 - 0x00007ffc8db3b000 	C:\WINDOWS\SYSTEM32\VERSION.dll
0x00007ffc8d2f0000 - 0x00007ffc8d326000 	C:\WINDOWS\SYSTEM32\WINMM.dll
0x00007ffc96c80000 - 0x00007ffc96c95000 	C:\WINDOWS\SYSTEM32\UMPDC.dll
0x00007ffc95c90000 - 0x00007ffc95cab000 	C:\WINDOWS\SYSTEM32\kernel.appcore.dll
0x00007ffc90cc0000 - 0x00007ffc90cca000 	C:\Program Files\Android\Android Studio\jbr\bin\jimage.dll
0x00007ffc88250000 - 0x00007ffc8849c000 	C:\WINDOWS\SYSTEM32\DBGHELP.DLL
0x00007ffc98770000 - 0x00007ffc98af5000 	C:\WINDOWS\System32\combase.dll
0x00007ffc98e50000 - 0x00007ffc98f29000 	C:\WINDOWS\System32\OLEAUT32.dll
0x00007ffc7c610000 - 0x00007ffc7c64b000 	C:\WINDOWS\SYSTEM32\dbgcore.DLL
0x00007ffc97190000 - 0x00007ffc9723c000 	C:\WINDOWS\System32\bcryptPrimitives.dll
0x00007ffc893a0000 - 0x00007ffc893ae000 	C:\Program Files\Android\Android Studio\jbr\bin\instrument.dll
0x00007ffc8ac60000 - 0x00007ffc8ac7f000 	C:\Program Files\Android\Android Studio\jbr\bin\java.dll
0x00007ffc99a20000 - 0x00007ffc99bba000 	C:\WINDOWS\System32\ole32.dll
0x00007ffc97ee0000 - 0x00007ffc98678000 	C:\WINDOWS\System32\SHELL32.dll
0x00007ffc89a80000 - 0x00007ffc89a97000 	C:\Program Files\Android\Android Studio\jbr\bin\zip.dll
0x00007ffc94a20000 - 0x00007ffc952ce000 	C:\WINDOWS\SYSTEM32\windows.storage.dll
0x00007ffc98c70000 - 0x00007ffc98d6b000 	C:\WINDOWS\System32\SHCORE.dll
0x00007ffc99cd0000 - 0x00007ffc99d36000 	C:\WINDOWS\System32\shlwapi.dll
0x00007ffc96f20000 - 0x00007ffc96f49000 	C:\WINDOWS\SYSTEM32\profapi.dll
0x00007ffc8ce10000 - 0x00007ffc8ce20000 	C:\Program Files\Android\Android Studio\jbr\bin\net.dll
0x00007ffc96230000 - 0x00007ffc9629c000 	C:\WINDOWS\system32\mswsock.dll
0x00007ffc89a60000 - 0x00007ffc89a76000 	C:\Program Files\Android\Android Studio\jbr\bin\nio.dll
0x00007ffc89790000 - 0x00007ffc897a0000 	C:\Program Files\Android\Android Studio\jbr\bin\verify.dll
0x00007ffc76fd0000 - 0x00007ffc76ff7000 	C:\Users\User\.gradle\native\660c5614fbf4a5f2a75b1949f50a0caf5cd603558e7d8a26e50b933a0cfb79d1\windows-amd64\native-platform.dll
0x00007ffc5e170000 - 0x00007ffc5e1e7000 	C:\Users\User\.gradle\native\0.2.8\x86_64-windows-gnu\gradle-fileevents.dll
0x00007ffc89a50000 - 0x00007ffc89a59000 	C:\Program Files\Android\Android Studio\jbr\bin\management.dll
0x00007ffc89a40000 - 0x00007ffc89a4b000 	C:\Program Files\Android\Android Studio\jbr\bin\management_ext.dll
0x00007ffc99760000 - 0x00007ffc99768000 	C:\WINDOWS\System32\PSAPI.DLL
0x00007ffc95690000 - 0x00007ffc956c3000 	C:\WINDOWS\SYSTEM32\IPHLPAPI.DLL
0x00007ffc98b00000 - 0x00007ffc98b0a000 	C:\WINDOWS\System32\NSI.dll
0x00007ffc8abc0000 - 0x00007ffc8abc9000 	C:\Program Files\Android\Android Studio\jbr\bin\extnet.dll
0x00007ffc96650000 - 0x00007ffc9666b000 	C:\WINDOWS\SYSTEM32\CRYPTSP.dll
0x00007ffc95bf0000 - 0x00007ffc95c29000 	C:\WINDOWS\system32\rsaenh.dll
0x00007ffc962e0000 - 0x00007ffc96314000 	C:\WINDOWS\SYSTEM32\USERENV.dll
0x00007ffc96ef0000 - 0x00007ffc96f1a000 	C:\WINDOWS\SYSTEM32\bcrypt.dll
0x00007ffc96490000 - 0x00007ffc9649c000 	C:\WINDOWS\SYSTEM32\CRYPTBASE.dll
0x00007ffc8abe0000 - 0x00007ffc8abe8000 	C:\WINDOWS\system32\wshunix.dll
0x00007ffc95dc0000 - 0x00007ffc95df6000 	C:\WINDOWS\SYSTEM32\ntmarta.dll

JVMTI agents:
C:\Users\User\.gradle\wrapper\dists\gradle-9.7.1-bin\1w1c7tv4s851m17nbqdsro2tv\gradle-9.7.1\lib\agents\gradle-instrumentation-agent-9.7.1.jar path:C:\Program Files\Android\Android Studio\jbr\bin\instrument.dll, loaded, initialized, instrumentlib options:none

dbghelp: loaded successfully - version: 4.0.5 - missing functions: none
symbol engine: initialized successfully - sym options: 0x614 - pdb path: .;C:\Program Files\Android\Android Studio\jbr\bin;C:\WINDOWS\SYSTEM32;C:\WINDOWS\WinSxS\amd64_microsoft.windows.common-controls_6595b64144ccf1df_6.0.26100.9278_none_3e0d1ba8e3303201;C:\Program Files\Android\Android Studio\jbr\bin\server;C:\Users\User\.gradle\native\660c5614fbf4a5f2a75b1949f50a0caf5cd603558e7d8a26e50b933a0cfb79d1\windows-amd64;C:\Users\User\.gradle\native\0.2.8\x86_64-windows-gnu

VM Arguments:
jvm_args: --add-opens=java.base/java.lang=ALL-UNNAMED --add-opens=java.base/java.lang.invoke=ALL-UNNAMED --add-opens=java.base/java.util=ALL-UNNAMED --add-opens=java.prefs/java.util.prefs=ALL-UNNAMED --add-exports=jdk.compiler/com.sun.tools.javac.api=ALL-UNNAMED --add-exports=jdk.compiler/com.sun.tools.javac.util=ALL-UNNAMED --add-opens=java.base/java.nio.charset=ALL-UNNAMED --add-opens=java.base/java.net=ALL-UNNAMED --add-opens=java.base/java.util.concurrent=ALL-UNNAMED --add-opens=java.base/java.util.concurrent.atomic=ALL-UNNAMED --add-opens=java.xml/javax.xml.namespace=ALL-UNNAMED --add-opens=java.base/java.time=ALL-UNNAMED --enable-native-access=ALL-UNNAMED -Xmx2048m -Dfile.encoding=UTF-8 -Duser.country=RU -Duser.language=ru -Duser.variant -javaagent:C:\Users\User\.gradle\wrapper\dists\gradle-9.7.1-bin\1w1c7tv4s851m17nbqdsro2tv\gradle-9.7.1\lib\agents\gradle-instrumentation-agent-9.7.1.jar 
java_command: org.gradle.launcher.daemon.bootstrap.GradleDaemon 9.7.1
java_class_path (initial): C:\Users\User\.gradle\wrapper\dists\gradle-9.7.1-bin\1w1c7tv4s851m17nbqdsro2tv\gradle-9.7.1\lib\gradle-daemon-main-9.7.1.jar
Launcher Type: SUN_STANDARD

[Global flags]
     intx CICompilerCount                          = 12                                        {product} {ergonomic}
     uint ConcGCThreads                            = 3                                         {product} {ergonomic}
     uint G1ConcRefinementThreads                  = 13                                        {product} {ergonomic}
   size_t G1HeapRegionSize                         = 1048576                                   {product} {ergonomic}
   size_t InitialHeapSize                          = 260046848                                 {product} {ergonomic}
   size_t MarkStackSize                            = 4194304                                   {product} {ergonomic}
   size_t MarkStackSizeMax                         = 536870912                                 {product} {ergonomic}
   size_t MaxHeapSize                              = 2147483648                                {product} {command line}
   size_t MaxNewSize                               = 1287651328                                {product} {ergonomic}
   size_t MinHeapDeltaBytes                        = 1048576                                   {product} {ergonomic}
   size_t MinHeapSize                              = 8388608                                   {product} {ergonomic}
    uintx NonNMethodCodeHeapSize                   = 7602176                                {pd product} {ergonomic}
    uintx NonProfiledCodeHeapSize                  = 122093568                              {pd product} {ergonomic}
    uintx ProfiledCodeHeapSize                     = 121962496                              {pd product} {ergonomic}
    uintx ReservedCodeCacheSize                    = 251658240                              {pd product} {ergonomic}
     bool SegmentedCodeCache                       = true                                      {product} {ergonomic}
   size_t SoftMaxHeapSize                          = 2147483648                             {manageable} {ergonomic}
     bool UseCompressedOops                        = true                           {product lp64_product} {ergonomic}
     bool UseG1GC                                  = true                                      {product} {ergonomic}
     bool UseLargePagesIndividualAllocation        = false                                  {pd product} {ergonomic}

Logging:
Log output configuration:
 #0: stdout all=warning uptime,level,tags foldmultilines=false
 #1: stderr all=off uptime,level,tags foldmultilines=false

Release file:
JAVA_VERSION="25.0.2" 
MODULES="java.base java.compiler java.datatransfer java.xml java.prefs java.desktop java.instrument java.logging java.management java.security.sasl java.naming java.rmi java.management.rmi java.net.http java.scripting java.security.jgss java.transaction.xa java.sql java.sql.rowset java.xml.crypto java.se java.smartcardio jdk.accessibility jdk.internal.jvmstat jdk.attach jdk.charsets jdk.internal.opt jdk.zipfs jdk.compiler jdk.crypto.cryptoki jdk.crypto.ec jdk.dynalink jdk.hotspot.agent jdk.httpserver jdk.internal.ed jdk.internal.le jdk.internal.md jdk.internal.vm.ci jdk.jartool jdk.javadoc jdk.jcmd jdk.jdeps jdk.jdwp.agent jdk.jdi jdk.jfr jdk.jlink jdk.localedata jdk.management jdk.management.agent jdk.management.jfr jdk.naming.dns jdk.naming.rmi jdk.net jdk.sctp jdk.security.auth jdk.security.jgss jdk.unsupported jdk.unsupported.desktop jdk.xml.dom" 
IMPLEMENTOR="JetBrains s.r.o." 
JAVA_RUNTIME_VERSION="25.0.2+-15348964-b329.117" 
LIBC="default" 
OS_ARCH="x86_64" 
OS_NAME="Windows" 
SOURCE=".:git:3cf398e84a39" 

Environment Variables:
PATH=C:\Program Files (x86)\NVIDIA Corporation\PhysX\Common;C:\Program Files\Common Files\Oracle\Java\javapath;C:\Program Files (x86)\Common Files\Intel\Shared Libraries\redist\intel64\compiler;C:\Program Files (x86)\Common Files\Oracle\Java\javapath;C:\WINDOWS\system32;C:\WINDOWS;C:\WINDOWS\System32\Wbem;C:\WINDOWS\System32\WindowsPowerShell\v1.0\;C:\WINDOWS\System32\OpenSSH\;C:\Program Files\dotnet\;C:\Program Files\Git\cmd;C:\Program Files\PyManager\;C:\Program Files\AmneziaWG\;C:\Program Files\WireGuard\;C:\Users\User\AppData\Local\Microsoft\WindowsApps;C:\Users\User\AppData\Local\Python\bin;C:\Users\User\AppData\Local\Programs\Microsoft VS Code\bin;C:\Users\User\.dotnet\tools;C:\Users\User\AppData\Local\Programs\cursor\resources\app\bin
USERNAME=User
OS=Windows_NT
PROCESSOR_IDENTIFIER=AMD64 Family 23 Model 96 Stepping 1, AuthenticAMD
TMP=C:\Users\User\AppData\Local\Temp
TEMP=C:\Users\User\AppData\Local\Temp




Compilation memory statistics disabled.

Periodic native trim disabled

JNI global refs:
JNI global refs: 36, weak refs: 6

JNI global refs memory usage: 835, weak refs: 833

Process memory usage:
Resident Set Size: 1353248K (8% of 16153320K total physical memory with 4109484K free physical memory)

OOME stack traces (most recent first):
Classloader memory used:
Loader org.gradle.internal.classloader.VisitableURLClassLoader$InstrumentingVisitableURLClassLoader: 75793 K
Loader org.gradle.internal.classloader.VisitableURLClassLoader                         : 48671 K
Loader bootstrap                                                                       : 31360 K
Loader org.gradle.initialization.MixInLegacyTypesClassLoader                           : 13107 K
Loader org.gradle.internal.classloader.VisitableURLClassLoader                         : 333 K
Loader jdk.internal.loader.ClassLoaders$AppClassLoader                                 : 194 K
Loader jdk.internal.loader.ClassLoaders$PlatformClassLoader                            : 164 K
Loader org.gradle.groovy.scripts.internal.DefaultScriptCompilationHandler$ScriptClassLoader: 153 K
Loader sun.reflect.misc.MethodUtil                                                     : 2968 B

Classes loaded by more than one classloader:
Class Program                                                                         : loaded 5 times (x 74B)
Class Build_gradle                                                                    : loaded 3 times (x 128B)
Class com.google.common.collect.RegularImmutableMap$KeySet                            : loaded 2 times (x 154B)
Class org.gradle.internal.classloader.FilteringClassLoader                            : loaded 2 times (x 106B)
Class com.google.common.base.CharMatcher$IsEither                                     : loaded 2 times (x 113B)
Class org.gradle.internal.classloader.ClassLoaderHierarchy                            : loaded 2 times (x 72B)
Class com.google.common.collect.AbstractMapBasedMultimap$WrappedCollection            : loaded 2 times (x 126B)
Class com.google.common.collect.ImmutableEnumSet                                      : loaded 2 times (x 148B)
Class com.google.common.collect.ImmutableList$1                                       : loaded 2 times (x 99B)
Class com.google.common.util.concurrent.ExecutionError                                : loaded 2 times (x 84B)
Class com.google.common.io.ByteArrayDataOutput                                        : loaded 2 times (x 72B)
Class com.google.common.collect.RegularImmutableMap                                   : loaded 2 times (x 122B)
Class com.google.common.collect.ImmutableMap$MapViewOfValuesAsSingletonSets           : loaded 2 times (x 128B)
Class com.google.common.reflect.TypeCapture                                           : loaded 2 times (x 73B)
Class [Lorg.objectweb.asm.Symbol;                                                     : loaded 2 times (x 71B)
Class org.objectweb.asm.ClassVisitor                                                  : loaded 2 times (x 90B)
Class com.google.common.collect.UnmodifiableListIterator                              : loaded 2 times (x 97B)
Class com.google.common.base.Platform$JdkPatternCompiler                              : loaded 2 times (x 77B)
Class org.objectweb.asm.MethodTooLargeException                                       : loaded 2 times (x 84B)
Class [Lcom.google.common.cache.CacheBuilder$OneWeigher;                              : loaded 2 times (x 71B)
Class com.google.common.base.Suppliers                                                : loaded 2 times (x 73B)
Class org.gradle.internal.classloader.DefaultClassLoaderFactory                       : loaded 2 times (x 84B)
Class [Lcom.google.common.collect.AbstractIterator$State;                             : loaded 2 times (x 71B)
Class org.gradle.internal.classloader.ClassLoaderVisitor                              : loaded 2 times (x 78B)
Class [Lcom.google.common.collect.ImmutableMapEntry;                                  : loaded 2 times (x 71B)
Class com.google.common.collect.CollectSpliterators$1WithCharacteristics              : loaded 2 times (x 92B)
Class [Lorg.apache.commons.io.StandardLineSeparator;                                  : loaded 2 times (x 71B)
Class org.apache.commons.io.output.StringBuilderWriter                                : loaded 2 times (x 102B)
Class com.google.common.collect.ImmutableRangeSet                                     : loaded 2 times (x 117B)
Class com.google.common.collect.ListMultimap                                          : loaded 2 times (x 72B)
Class com.google.common.collect.ImmutableEnumMap                                      : loaded 2 times (x 128B)
Class com.google.common.collect.Sets$1                                                : loaded 2 times (x 143B)
Class org.objectweb.asm.AnnotationVisitor                                             : loaded 2 times (x 80B)
Class org.gradle.api.internal.DefaultClassPathProvider                                : loaded 2 times (x 78B)
Class [Lcom.google.common.base.Function;                                              : loaded 2 times (x 71B)
Class com.google.common.collect.Maps$ViewCachingAbstractMap                           : loaded 2 times (x 127B)
Class com.google.common.collect.Sets$2                                                : loaded 2 times (x 143B)
Class [Lorg.gradle.api.internal.ClassPathProvider;                                    : loaded 2 times (x 71B)
Class org.gradle.api.internal.ClassPathProvider                                       : loaded 2 times (x 72B)
Class com.google.common.reflect.Types$ClassOwnership$1                                : loaded 2 times (x 82B)
Class [Lorg.objectweb.asm.AnnotationVisitor;                                          : loaded 2 times (x 71B)
Class com.google.common.collect.Sets$3                                                : loaded 2 times (x 143B)
Class com.google.common.cache.LocalCache$LocalLoadingCache                            : loaded 2 times (x 136B)
Class org.gradle.internal.service.UnknownServiceException                             : loaded 2 times (x 85B)
Class com.google.common.reflect.Types$ClassOwnership$2                                : loaded 2 times (x 82B)
Class com.google.common.reflect.TypeResolver                                          : loaded 2 times (x 74B)
Class com.google.common.io.ByteArrayDataInput                                         : loaded 2 times (x 72B)
Class com.google.common.collect.Sets$4                                                : loaded 2 times (x 143B)
Class org.objectweb.asm.ModuleVisitor                                                 : loaded 2 times (x 83B)
Class com.google.common.cache.LocalCache$Strength$1                                   : loaded 2 times (x 83B)
Class com.google.common.reflect.Types$ClassOwnership$3                                : loaded 2 times (x 73B)
Class com.google.common.collect.Collections2$FilteredCollection                       : loaded 2 times (x 121B)
Class org.apache.commons.io.output.QueueOutputStream                                  : loaded 2 times (x 89B)
Class com.google.common.util.concurrent.SettableFuture                                : loaded 2 times (x 116B)
Class com.google.common.cache.LocalCache$Strength$2                                   : loaded 2 times (x 83B)
Class [Lcom.google.common.collect.Maps$EntryFunction;                                 : loaded 2 times (x 71B)
Class com.google.common.collect.TransformedIterator                                   : loaded 2 times (x 82B)
Class com.google.common.io.ByteStreams                                                : loaded 2 times (x 73B)
Class com.google.common.cache.LocalCache$Strength$3                                   : loaded 2 times (x 83B)
Class com.google.common.collect.MapDifference                                         : loaded 2 times (x 72B)
Class com.google.common.reflect.Invokable                                             : loaded 2 times (x 105B)
Class org.objectweb.asm.FieldWriter                                                   : loaded 2 times (x 79B)
Class com.google.common.cache.CacheBuilder$NullListener                               : loaded 2 times (x 84B)
Class org.gradle.internal.classpath.TransformedClassPath                              : loaded 2 times (x 101B)
Class org.gradle.internal.classloader.InstrumentingClassLoader                        : loaded 2 times (x 72B)
Class com.google.common.reflect.Types$ParameterizedTypeImpl                           : loaded 2 times (x 83B)
Class com.google.common.collect.Maps$IteratorBasedAbstractMap$1                       : loaded 2 times (x 140B)
Class org.apache.commons.io.output.UnsynchronizedByteArrayOutputStream                : loaded 2 times (x 104B)
Class com.google.common.collect.ImmutableRangeSet$AsSet                               : loaded 2 times (x 302B)
Class com.google.common.collect.Iterators$ArrayItr                                    : loaded 2 times (x 99B)
Class com.google.common.cache.CacheLoader$FunctionToCacheLoader                       : loaded 2 times (x 77B)
Class com.google.common.collect.ImmutableCollection$Builder                           : loaded 2 times (x 78B)
Class com.google.common.reflect.TypeResolver$TypeVariableKey                          : loaded 2 times (x 74B)
Class com.google.common.base.Equivalence$Identity                                     : loaded 2 times (x 84B)
Class com.google.common.base.Joiner                                                   : loaded 2 times (x 82B)
Class com.google.common.base.MoreObjects                                              : loaded 2 times (x 73B)
Class com.google.common.collect.Platform                                              : loaded 2 times (x 73B)
Class [Lorg.objectweb.asm.Type;                                                       : loaded 2 times (x 71B)
Class com.google.common.collect.UnmodifiableIterator                                  : loaded 2 times (x 82B)
Class org.gradle.internal.service.ServiceLocator                                      : loaded 2 times (x 72B)
Class com.google.common.base.Ascii                                                    : loaded 2 times (x 73B)
Class com.google.common.collect.SingletonImmutableBiMap                               : loaded 2 times (x 145B)
Class com.google.common.collect.Iterators$SingletonIterator                           : loaded 2 times (x 83B)
Class com.google.common.cache.LocalCache$1                                            : loaded 2 times (x 91B)
Class com.google.common.collect.AbstractMapEntry                                      : loaded 2 times (x 83B)
Class com.google.common.reflect.TypeToken$SimpleTypeToken                             : loaded 2 times (x 75B)
Class com.google.common.collect.Sets$ImprovedAbstractSet                              : loaded 2 times (x 137B)
Class com.google.common.collect.ImmutableList$Builder                                 : loaded 2 times (x 79B)
Class com.google.common.collect.AbstractMultimap                                      : loaded 2 times (x 125B)
Class com.google.common.cache.LocalCache$2                                            : loaded 2 times (x 144B)
Class com.google.common.collect.ImmutableRangeSet$1                                   : loaded 2 times (x 212B)
Class com.google.common.collect.RegularImmutableAsList                                : loaded 2 times (x 219B)
Class com.google.common.base.Optional                                                 : loaded 2 times (x 82B)
Class com.google.common.collect.Range                                                 : loaded 2 times (x 89B)
Class com.google.common.collect.Iterators                                             : loaded 2 times (x 73B)
Class com.google.common.util.concurrent.AbstractFuture$Trusted                        : loaded 2 times (x 72B)
Class com.google.common.collect.Lists$StringAsImmutableList                           : loaded 2 times (x 209B)
Class com.google.common.util.concurrent.UncheckedExecutionException                   : loaded 2 times (x 84B)
Class org.gradle.kotlin.dsl.VersionCatalogAccessorsKt                                 : loaded 2 times (x 73B)
Class com.google.common.collect.AbstractMapBasedMultimap$KeySet$1                     : loaded 2 times (x 84B)
Class org.objectweb.asm.ClassWriter                                                   : loaded 2 times (x 107B)
Class com.google.common.base.CharMatcher$And                                          : loaded 2 times (x 114B)
Class com.google.common.cache.CacheLoader$UnsupportedLoadingOperationException        : loaded 2 times (x 84B)
Class com.google.common.collect.FluentIterable$1                                      : loaded 2 times (x 83B)
Class com.google.common.base.Objects                                                  : loaded 2 times (x 73B)
Class org.objectweb.asm.FieldVisitor                                                  : loaded 2 times (x 79B)
Class com.google.common.collect.IndexedImmutableSet                                   : loaded 2 times (x 154B)
Class com.google.common.collect.ImmutableMap$1                                        : loaded 2 times (x 83B)
Class com.google.common.collect.BiMap                                                 : loaded 2 times (x 72B)
Class org.gradle.api.internal.classpath.DefaultModuleRegistry$DefaultModule           : loaded 2 times (x 84B)
Class com.google.common.reflect.Reflection                                            : loaded 2 times (x 73B)
Class com.google.common.collect.FluentIterable$2                                      : loaded 2 times (x 83B)
Class com.google.common.base.Absent                                                   : loaded 2 times (x 82B)
Class com.google.common.primitives.Ints                                               : loaded 2 times (x 73B)
Class com.google.common.collect.AbstractIterator                                      : loaded 2 times (x 84B)
Class com.google.common.collect.FluentIterable$3                                      : loaded 2 times (x 83B)
Class com.google.common.collect.ObjectArrays                                          : loaded 2 times (x 73B)
Class com.google.common.math.MathPreconditions                                        : loaded 2 times (x 73B)
Class com.google.common.collect.Multiset                                              : loaded 2 times (x 72B)
Class com.google.common.collect.ArrayListMultimapGwtSerializationDependencies         : loaded 2 times (x 173B)
Class com.google.common.collect.AbstractIndexedListIterator                           : loaded 2 times (x 98B)
Class org.apache.commons.io.output.NullOutputStream                                   : loaded 2 times (x 87B)
Class com.google.common.collect.ImmutableMapEntrySet                                  : loaded 2 times (x 154B)
Class org.gradle.api.internal.classpath.Module                                        : loaded 2 times (x 72B)
Class com.google.common.cache.Weigher                                                 : loaded 2 times (x 72B)
Class org.gradle.api.internal.classpath.UnknownModuleException                        : loaded 2 times (x 84B)
Class com.google.common.base.Stopwatch                                                : loaded 2 times (x 74B)
Class com.google.common.cache.LocalCache$Strength                                     : loaded 2 times (x 83B)
Class com.google.common.cache.Cache                                                   : loaded 2 times (x 72B)
Class com.google.common.base.NullnessCasts                                            : loaded 2 times (x 73B)
Class com.google.common.util.concurrent.AbstractFuture$Cancellation                   : loaded 2 times (x 74B)
Class com.google.common.collect.ImmutableMap$Builder                                  : loaded 2 times (x 84B)
Class com.google.common.collect.Maps$EntryFunction$1                                  : loaded 2 times (x 93B)
Class com.google.common.base.Present                                                  : loaded 2 times (x 83B)
Class com.google.common.cache.RemovalListener                                         : loaded 2 times (x 72B)
Class org.gradle.api.internal.DefaultClassPathRegistry                                : loaded 2 times (x 78B)
Class com.google.common.reflect.Invokable$ConstructorInvokable                        : loaded 2 times (x 109B)
Class com.google.common.collect.Maps$EntryFunction$2                                  : loaded 2 times (x 93B)
Class com.google.common.primitives.IntsMethodsForWeb                                  : loaded 2 times (x 73B)
Class com.google.common.collect.Multimap                                              : loaded 2 times (x 72B)
Class org.gradle.internal.classpath.DefaultClassPath$ImmutableUniqueList              : loaded 2 times (x 201B)
Class org.gradle.api.internal.ClassPathRegistry                                       : loaded 2 times (x 72B)
Class com.google.common.reflect.TypeToken                                             : loaded 2 times (x 75B)
Class com.google.common.collect.NullnessCasts                                         : loaded 2 times (x 73B)
Class com.google.common.base.ExtraObjectsMethodsForWeb                                : loaded 2 times (x 73B)
Class org.apache.commons.io.IOUtils                                                   : loaded 2 times (x 73B)
Class org.apache.commons.io.output.ByteArrayOutputStream                              : loaded 2 times (x 104B)
Class com.google.common.collect.SingletonImmutableList                                : loaded 2 times (x 209B)
Class com.google.common.cache.CacheBuilder                                            : loaded 2 times (x 74B)
Class Settings_gradle$1                                                               : loaded 2 times (x 77B)
Class org.gradle.internal.classpath.ClassPath                                         : loaded 2 times (x 72B)
Class [Lcom.google.common.reflect.Types$JavaVersion;                                  : loaded 2 times (x 71B)
Class com.google.common.base.JdkPattern                                               : loaded 2 times (x 77B)
Class com.google.common.collect.ImmutableList$ReverseImmutableList                    : loaded 2 times (x 211B)
Class org.objectweb.asm.SymbolTable$Entry                                             : loaded 2 times (x 75B)
Class org.gradle.api.internal.classpath.DefaultModuleRegistry$DefaultModuleAlias      : loaded 2 times (x 82B)
Class org.gradle.internal.Factory                                                     : loaded 2 times (x 72B)
Class org.objectweb.asm.Edge                                                          : loaded 2 times (x 74B)
Class com.google.common.collect.Iterators$1                                           : loaded 2 times (x 83B)
Class com.google.common.base.Suppliers$SupplierOfInstance                             : loaded 2 times (x 81B)
Class com.google.common.reflect.TypeToken$1                                           : loaded 2 times (x 112B)
Class com.google.common.collect.SingletonImmutableSet                                 : loaded 2 times (x 148B)
Class com.google.common.cache.LocalCache$ComputingValueReference                      : loaded 2 times (x 98B)
Class com.google.common.collect.ImmutableMap$IteratorBasedImmutableMap                : loaded 2 times (x 128B)
Class com.google.common.reflect.TypeToken$2                                           : loaded 2 times (x 112B)
Class com.google.common.cache.LocalCache$Segment                                      : loaded 2 times (x 155B)
Class ijKotlinCoroutineJvmDebugInit1_dofq3drr9aihm4earzh7ldbbw                        : loaded 2 times (x 173B)
Class com.google.common.collect.SortedIterable                                        : loaded 2 times (x 72B)
Class com.google.common.collect.AbstractListMultimap                                  : loaded 2 times (x 173B)
Class [Lorg.objectweb.asm.SymbolTable$Entry;                                          : loaded 2 times (x 71B)
Class com.google.common.collect.Iterators$4                                           : loaded 2 times (x 84B)
Class com.google.common.cache.CacheLoader                                             : loaded 2 times (x 76B)
Class com.google.common.collect.ImmutableBiMap                                        : loaded 2 times (x 145B)
Class org.gradle.api.internal.classpath.ModuleRegistry                                : loaded 2 times (x 72B)
Class org.gradle.internal.installation.GradleInstallation$1                           : loaded 2 times (x 77B)
Class org.apache.commons.io.output.NullWriter                                         : loaded 2 times (x 101B)
Class com.google.common.collect.ImmutableSet$JdkBackedSetBuilderImpl                  : loaded 2 times (x 78B)
Class com.google.common.collect.Iterators$5                                           : loaded 2 times (x 84B)
Class com.google.common.util.concurrent.internal.InternalFutureFailureAccess          : loaded 2 times (x 74B)
Class com.google.common.collect.Iterators$6                                           : loaded 2 times (x 83B)
Class com.google.common.base.CharMatcher$ForPredicate                                 : loaded 2 times (x 114B)
Class com.google.common.cache.LocalCache$LocalManualCache$1                           : loaded 2 times (x 77B)
Class com.google.common.base.CharMatcher$AnyOf                                        : loaded 2 times (x 114B)
Class com.google.common.collect.ImmutableCollection                                   : loaded 2 times (x 127B)
Class org.gradle.api.internal.classpath.DefaultModuleRegistry                         : loaded 2 times (x 86B)
Class com.google.common.collect.Lists                                                 : loaded 2 times (x 73B)
Class com.google.common.util.concurrent.ListenableFuture                              : loaded 2 times (x 72B)
Class com.google.common.cache.ReferenceEntry                                          : loaded 2 times (x 72B)
Class com.google.common.base.Converter                                                : loaded 2 times (x 92B)
Class com.google.common.collect.ImmutableSet$CachingAsList                            : loaded 2 times (x 150B)
Class com.google.common.collect.AbstractMapBasedMultimap                              : loaded 2 times (x 140B)
Class com.google.common.collect.Iterators$9                                           : loaded 2 times (x 83B)
Class com.google.common.collect.ImmutableAsList                                       : loaded 2 times (x 211B)
Class com.google.common.util.concurrent.AbstractFuture                                : loaded 2 times (x 108B)
Class com.google.common.base.FunctionalEquivalence                                    : loaded 2 times (x 85B)
Class com.google.common.reflect.TypeResolver$TypeTable                                : loaded 2 times (x 75B)
Class org.objectweb.asm.RecordComponentVisitor                                        : loaded 2 times (x 79B)
Class com.google.common.cache.CacheLoader$SupplierToCacheLoader                       : loaded 2 times (x 77B)
Class com.google.common.reflect.TypeResolver$TypeTable$1                              : loaded 2 times (x 75B)
Class com.google.common.collect.Maps$EntryTransformer                                 : loaded 2 times (x 72B)
Class org.gradle.internal.service.ServiceLookupException                              : loaded 2 times (x 84B)
Class com.google.common.collect.ImmutableSortedSet                                    : loaded 2 times (x 302B)
Class [Lcom.google.common.cache.LocalCache$EntryFactory;                              : loaded 2 times (x 71B)
Class org.gradle.internal.classloader.ClassLoaderFactory                              : loaded 2 times (x 72B)
Class org.apache.commons.io.CloseableURLConnection                                    : loaded 2 times (x 118B)
Class com.google.common.base.CommonPattern                                            : loaded 2 times (x 76B)
Class com.google.common.base.CharMatcher$IsNot                                        : loaded 2 times (x 113B)
Class com.google.common.cache.LocalCache$LocalManualCache                             : loaded 2 times (x 101B)
Class org.gradle.internal.service.CachingServiceLocator                               : loaded 2 times (x 84B)
Class com.google.common.collect.AbstractMapBasedMultimap$KeySet                       : loaded 2 times (x 139B)
Class com.google.common.collect.RegularImmutableSortedSet                             : loaded 2 times (x 302B)
Class com.google.common.math.IntMath                                                  : loaded 2 times (x 73B)
Class com.google.common.reflect.Types$TypeVariableInvocationHandler                   : loaded 2 times (x 77B)
Class com.google.common.collect.ImmutableMapEntry                                     : loaded 2 times (x 87B)
Class com.google.common.base.Predicates                                               : loaded 2 times (x 73B)
Class com.google.common.base.Equivalence                                              : loaded 2 times (x 84B)
Class com.google.common.base.Function                                                 : loaded 2 times (x 72B)
Class com.google.common.collect.ImmutableMapEntry$NonTerminalImmutableMapEntry        : loaded 2 times (x 87B)
Class com.google.common.collect.IndexedImmutableSet$1                                 : loaded 2 times (x 215B)
Class org.apache.commons.io.output.AbstractByteArrayOutputStream                      : loaded 2 times (x 104B)
Class com.google.common.collect.RegularImmutableList                                  : loaded 2 times (x 215B)
Class com.google.common.cache.CacheBuilder$OneWeigher                                 : loaded 2 times (x 84B)
Class com.google.common.reflect.Types$ClassOwnership$1LocalClass                      : loaded 2 times (x 73B)
Class com.google.common.collect.Maps$EntryFunction                                    : loaded 2 times (x 93B)
Class org.gradle.internal.classloader.ClasspathUtil                                   : loaded 2 times (x 73B)
Class com.google.common.util.concurrent.Uninterruptibles                              : loaded 2 times (x 73B)
Class com.google.common.util.concurrent.LazyLogger                                    : loaded 2 times (x 74B)
Class com.google.common.collect.Maps                                                  : loaded 2 times (x 73B)
Class org.gradle.api.specs.Spec                                                       : loaded 2 times (x 72B)
Class com.google.common.reflect.Types$JavaVersion                                     : loaded 2 times (x 85B)
Class [Lcom.google.common.collect.ImmutableEntry;                                     : loaded 2 times (x 71B)
Class com.google.common.collect.Sets$3$1                                              : loaded 2 times (x 84B)
Class com.google.common.cache.LocalCache$LoadingValueReference                        : loaded 2 times (x 98B)
Class com.google.common.reflect.Invokable$MethodInvokable                             : loaded 2 times (x 109B)
Class com.google.common.collect.CollectSpliterators                                   : loaded 2 times (x 73B)
Class com.google.common.base.Platform                                                 : loaded 2 times (x 73B)
Class com.google.common.collect.AbstractMapBasedMultimap$WrappedList                  : loaded 2 times (x 207B)
Class [Lorg.objectweb.asm.AnnotationWriter;                                           : loaded 2 times (x 71B)
Class com.google.common.collect.Maps$8                                                : loaded 2 times (x 84B)
Class com.google.common.base.Predicates$CompositionPredicate                          : loaded 2 times (x 90B)
Class com.google.common.collect.ImmutableRangeSet$Builder                             : loaded 2 times (x 79B)
Class com.google.common.collect.Sets$SetView                                          : loaded 2 times (x 141B)
Class com.google.common.cache.LocalCache$StrongValueReference                         : loaded 2 times (x 92B)
Class org.objectweb.asm.Type                                                          : loaded 2 times (x 74B)
Class org.gradle.internal.classloader.VisitableURLClassLoader$InstrumentingVisitableURLClassLoader: loaded 2 times (x 124B)
Class com.google.common.math.IntMath$1                                                : loaded 2 times (x 73B)
Class org.objectweb.asm.ByteVector                                                    : loaded 2 times (x 81B)
Class [Lcom.google.common.cache.CacheBuilder$NullListener;                            : loaded 2 times (x 71B)
Class org.gradle.internal.classloader.VisitableURLClassLoader$Spec                    : loaded 2 times (x 76B)
Class org.gradle.internal.classpath.DefaultClassPath                                  : loaded 2 times (x 92B)
Class com.google.common.reflect.Types$ClassOwnership                                  : loaded 2 times (x 82B)
Class org.objectweb.asm.Symbol                                                        : loaded 2 times (x 75B)
Class com.google.common.collect.Sets$FilteredSet                                      : loaded 2 times (x 139B)
Class com.google.common.io.Closer                                                     : loaded 2 times (x 80B)
Class com.google.common.base.CharMatcher$BitSetMatcher                                : loaded 2 times (x 114B)
Class com.google.common.collect.ImmutableSet                                          : loaded 2 times (x 147B)
Class com.google.common.collect.RegularImmutableMap$Values                            : loaded 2 times (x 209B)
Class org.gradle.internal.classloader.ClassLoaderSpec                                 : loaded 2 times (x 73B)
Class org.objectweb.asm.AnnotationWriter                                              : loaded 2 times (x 80B)
Class com.google.common.cache.CacheStats                                              : loaded 2 times (x 73B)
Class com.google.common.io.Closer$Suppressor                                          : loaded 2 times (x 72B)
Class org.objectweb.asm.RecordComponentWriter                                         : loaded 2 times (x 79B)
Class com.google.common.util.concurrent.AbstractFuture$Listener                       : loaded 2 times (x 74B)
Class com.google.common.base.CharMatcher$Or                                           : loaded 2 times (x 114B)
Class Settings_gradle$1$1                                                             : loaded 2 times (x 77B)
Class org.gradle.api.internal.classpath.Module$ModuleAlias                            : loaded 2 times (x 72B)
Class org.objectweb.asm.Attribute                                                     : loaded 2 times (x 79B)
Class com.google.common.base.Supplier                                                 : loaded 2 times (x 72B)
Class ijKotlinCoroutineJvmDebugInit1_dofq3drr9aihm4earzh7ldbbw$_run_closure1          : loaded 2 times (x 140B)
Class org.gradle.internal.classloader.VisitableURLClassLoader                         : loaded 2 times (x 118B)
Class com.google.common.collect.ImmutableList$SerializedForm                          : loaded 2 times (x 75B)
Class Settings_gradle                                                                 : loaded 2 times (x 126B)
Class org.gradle.internal.Cast                                                        : loaded 2 times (x 73B)
Class org.gradle.api.Action                                                           : loaded 2 times (x 72B)
Class com.google.common.base.Strings                                                  : loaded 2 times (x 73B)
Class com.google.common.collect.Sets                                                  : loaded 2 times (x 73B)
Class org.objectweb.asm.Handler                                                       : loaded 2 times (x 74B)
Class com.google.common.base.CharMatcher$FastMatcher                                  : loaded 2 times (x 113B)
Class com.google.common.base.Ticker                                                   : loaded 2 times (x 74B)
Class [Lcom.google.common.cache.LocalCache$Segment;                                   : loaded 2 times (x 71B)
Class com.google.common.base.Predicate                                                : loaded 2 times (x 72B)
Class [Lcom.google.common.cache.LocalCache$Strength;                                  : loaded 2 times (x 71B)
Class com.google.common.cache.CacheBuilder$1                                          : loaded 2 times (x 87B)
Class com.google.common.collect.ImmutableMap                                          : loaded 2 times (x 122B)
Class org.gradle.internal.classpath.DefaultClassPath$ImmutableUniqueList$Builder      : loaded 2 times (x 77B)
Class com.google.common.collect.AbstractRangeSet                                      : loaded 2 times (x 116B)
Class com.google.common.base.CharMatcher$NegatedFastMatcher                           : loaded 2 times (x 115B)
Class com.google.common.cache.LocalCache                                              : loaded 2 times (x 188B)
Class com.google.common.cache.CacheBuilder$2                                          : loaded 2 times (x 81B)
Class com.google.common.collect.ArrayListMultimap                                     : loaded 2 times (x 173B)
Class com.google.common.cache.CacheBuilder$3                                          : loaded 2 times (x 74B)
Class [Lcom.google.common.collect.AbstractMapEntry;                                   : loaded 2 times (x 71B)
Class com.google.common.collect.ImmutableEntry                                        : loaded 2 times (x 84B)
Class org.gradle.api.GradleException                                                  : loaded 2 times (x 84B)
Class com.google.common.base.Suppliers$MemoizingSupplier                              : loaded 2 times (x 81B)
Class org.apache.commons.io.StandardLineSeparator                                     : loaded 2 times (x 81B)
Class com.google.common.collect.CollectPreconditions                                  : loaded 2 times (x 73B)
Class com.google.common.collect.Maps$AbstractFilteredMap                              : loaded 2 times (x 129B)
Class com.google.common.collect.SortedMapDifference                                   : loaded 2 times (x 72B)
Class com.google.common.cache.LocalCache$WriteThroughEntry                            : loaded 2 times (x 81B)
Class com.google.common.cache.LocalCache$HashIterator                                 : loaded 2 times (x 88B)
Class com.google.common.cache.LocalCache$EntryFactory                                 : loaded 2 times (x 85B)
Class com.google.common.reflect.Types$NativeTypeVariableEquals                        : loaded 2 times (x 73B)
Class com.google.common.reflect.TypeParameter                                         : loaded 2 times (x 74B)
Class com.google.common.collect.Iterables$5                                           : loaded 2 times (x 83B)
Class com.google.common.cache.LocalCache$AbstractReferenceEntry                       : loaded 2 times (x 109B)
Class ijJvmDebugger1_9x3erf11sbp6hr81ma3cxq5r2$_run_closure1$_closure2                : loaded 2 times (x 141B)
Class org.gradle.internal.IoActions                                                   : loaded 2 times (x 73B)
Class com.google.common.collect.ImmutableRangeSet$ComplementRanges                    : loaded 2 times (x 209B)
Class org.objectweb.asm.SymbolTable                                                   : loaded 2 times (x 74B)
Class com.google.common.collect.ImmutableSet$RegularSetBuilderImpl                    : loaded 2 times (x 78B)
Class com.google.common.cache.CacheLoader$InvalidCacheLoadException                   : loaded 2 times (x 84B)
Class ijJvmDebugger1_9x3erf11sbp6hr81ma3cxq5r2                                        : loaded 2 times (x 173B)
Class com.google.common.collect.FluentIterable                                        : loaded 2 times (x 83B)
Class com.google.common.cache.LocalCache$StrongEntry                                  : loaded 2 times (x 110B)
Class com.google.common.util.concurrent.AbstractFuture$TrustedFuture                  : loaded 2 times (x 116B)
Class com.google.common.cache.LoadingCache                                            : loaded 2 times (x 72B)
Class com.google.common.io.ByteStreams$LimitedInputStream                             : loaded 2 times (x 94B)
Class com.google.common.base.Suppliers$NonSerializableMemoizingSupplier               : loaded 2 times (x 81B)
Class org.objectweb.asm.MethodWriter                                                  : loaded 2 times (x 107B)
Class [Lcom.google.common.cache.Weigher;                                              : loaded 2 times (x 71B)
Class com.google.common.collect.RegularImmutableMap$BucketOverflowException           : loaded 2 times (x 84B)
Class com.google.common.collect.AbstractMapBasedMultimap$RandomAccessWrappedList      : loaded 2 times (x 207B)
Class com.google.common.reflect.Types$JavaVersion$1                                   : loaded 2 times (x 85B)
Class com.google.common.collect.AbstractIterator$State                                : loaded 2 times (x 81B)
Class com.google.common.collect.RegularImmutableBiMap                                 : loaded 2 times (x 150B)
Class com.google.common.base.CharMatcher$Negated                                      : loaded 2 times (x 115B)
Class com.google.common.base.CharMatcher$Is                                           : loaded 2 times (x 113B)
Class com.google.common.cache.LocalCache$ValueReference                               : loaded 2 times (x 72B)
Class com.google.common.reflect.Types$JavaVersion$2                                   : loaded 2 times (x 85B)
Class com.google.common.reflect.Types                                                 : loaded 2 times (x 73B)
Class com.google.common.hash.PrimitiveSink                                            : loaded 2 times (x 72B)
Class com.google.common.base.PatternCompiler                                          : loaded 2 times (x 72B)
Class com.google.common.util.concurrent.AbstractFuture$Failure                        : loaded 2 times (x 74B)
Class com.google.common.base.Equivalence$Equals                                       : loaded 2 times (x 84B)
Class com.google.common.collect.Hashing                                               : loaded 2 times (x 73B)
Class com.google.common.base.Preconditions                                            : loaded 2 times (x 73B)
Class ijJvmDebugger1_9x3erf11sbp6hr81ma3cxq5r2$_run_closure1                          : loaded 2 times (x 140B)
Class com.google.common.reflect.Types$JavaVersion$3                                   : loaded 2 times (x 85B)
Class com.google.common.base.Joiner$1                                                 : loaded 2 times (x 83B)
Class org.objectweb.asm.Label                                                         : loaded 2 times (x 75B)
Class org.objectweb.asm.CurrentFrame                                                  : loaded 2 times (x 75B)
Class org.objectweb.asm.ClassTooLargeException                                        : loaded 2 times (x 84B)
Class com.google.common.collect.PeekingIterator                                       : loaded 2 times (x 72B)
Class com.google.common.base.CharMatcher                                              : loaded 2 times (x 113B)
Class com.google.common.reflect.Types$JavaVersion$4                                   : loaded 2 times (x 85B)
Class com.google.common.collect.Maps$IteratorBasedAbstractMap                         : loaded 2 times (x 127B)
Class com.google.common.collect.RangeGwtSerializationDependencies                     : loaded 2 times (x 73B)
Class com.google.common.base.Joiner$2                                                 : loaded 2 times (x 82B)
Class org.objectweb.asm.Frame                                                         : loaded 2 times (x 75B)
Class org.objectweb.asm.MethodVisitor                                                 : loaded 2 times (x 107B)
Class com.google.common.base.CharMatcher$NamedFastMatcher                             : loaded 2 times (x 114B)
Class com.google.common.base.CharMatcher$1                                            : loaded 2 times (x 115B)
Class com.google.common.cache.LocalCache$EntryFactory$1                               : loaded 2 times (x 85B)
Class [Lcom.google.common.cache.RemovalListener;                                      : loaded 2 times (x 71B)
Class com.google.common.reflect.Types$JavaVersion$5                                   : loaded 2 times (x 73B)
Class [Lcom.google.common.reflect.Types$ClassOwnership;                               : loaded 2 times (x 71B)
Class com.google.common.collect.RangeSet                                              : loaded 2 times (x 72B)
Class com.google.common.cache.LocalCache$EntryFactory$2                               : loaded 2 times (x 85B)
Class ijKotlinCoroutineJvmDebugInit1_dofq3drr9aihm4earzh7ldbbw$_run_closure1$_closure2: loaded 2 times (x 140B)
Class com.google.common.collect.CollectCollectors                                     : loaded 2 times (x 73B)
Class org.objectweb.asm.ModuleWriter                                                  : loaded 2 times (x 83B)
Class com.google.common.cache.LocalCache$EntryFactory$3                               : loaded 2 times (x 85B)
Class com.google.common.base.Ticker$1                                                 : loaded 2 times (x 74B)
Class com.google.common.collect.Maps$BiMapConverter                                   : loaded 2 times (x 92B)
Class com.google.common.collect.ImmutableMapEntrySet$RegularEntrySet                  : loaded 2 times (x 154B)
Class com.google.common.collect.ImmutableSet$Builder                                  : loaded 2 times (x 87B)
Class com.google.common.base.CharMatcher$InRange                                      : loaded 2 times (x 113B)
Class com.google.common.cache.LocalCache$EntryFactory$4                               : loaded 2 times (x 85B)
Class Settings_gradle$1$1$1                                                           : loaded 2 times (x 77B)
Class com.google.common.io.ByteStreams$1                                              : loaded 2 times (x 87B)
Class com.google.common.cache.LocalCache$EntryFactory$5                               : loaded 2 times (x 85B)
Class com.google.common.base.PairwiseEquivalence                                      : loaded 2 times (x 85B)
Class org.apache.commons.io.output.AppendableWriter                                   : loaded 2 times (x 102B)
Class com.google.common.cache.LocalCache$EntryFactory$6                               : loaded 2 times (x 85B)
Class org.gradle.internal.installation.CurrentGradleInstallationLocator               : loaded 2 times (x 73B)
Class org.apache.commons.io.output.ThresholdingOutputStream                           : loaded 2 times (x 97B)
Class com.google.common.collect.Maps$KeySet                                           : loaded 2 times (x 139B)
Class com.google.common.collect.ImmutableSet$EmptySetBuilderImpl                      : loaded 2 times (x 78B)
Class com.google.common.cache.LocalCache$EntryFactory$7                               : loaded 2 times (x 85B)
Class com.google.common.collect.ImmutableList                                         : loaded 2 times (x 208B)
Class org.gradle.internal.service.DefaultServiceLocator                               : loaded 2 times (x 85B)
Class com.google.common.collect.Maps$EntrySet                                         : loaded 2 times (x 138B)
Class com.google.common.collect.ImmutableSet$SetBuilderImpl                           : loaded 2 times (x 78B)
Class com.google.common.cache.LocalCache$EntryFactory$8                               : loaded 2 times (x 85B)
Class org.gradle.internal.installation.CurrentGradleInstallation                      : loaded 2 times (x 75B)
Class com.google.common.collect.ImmutableList$SubList                                 : loaded 2 times (x 211B)
Class com.google.common.cache.CacheLoader$1                                           : loaded 2 times (x 77B)
Class com.google.common.collect.ForwardingObject                                      : loaded 2 times (x 74B)
Class org.gradle.util.internal.GUtil                                                  : loaded 2 times (x 73B)
Class com.google.common.cache.AbstractCache$StatsCounter                              : loaded 2 times (x 72B)
Class com.google.common.reflect.Types$TypeVariableImpl                                : loaded 2 times (x 74B)
Class com.google.common.collect.Iterators$MergingIterator                             : loaded 2 times (x 83B)
Class com.google.common.collect.RegularImmutableSet                                   : loaded 2 times (x 150B)
Class org.gradle.internal.installation.GradleInstallation                             : loaded 2 times (x 77B)
Class com.google.common.collect.Iterables                                             : loaded 2 times (x 73B)

---------------  S Y S T E M  ---------------

OS:
 Windows 11 , 64 bit Build 26100 (10.0.26100.9444)
OS uptime: 0 days 5:54 hours
Hyper-V role detected

CPU: total 16 (initial active 16) (16 cores per cpu, 2 threads per core) family 23 model 96 stepping 1 microcode 0x8600106, cx8, cmov, fxsr, ht, mmx, 3dnowpref, sse, sse2, sse3, ssse3, sse4a, sse4.1, sse4.2, popcnt, lzcnt, tsc, tscinvbit, avx, avx2, aes, clmul, bmi1, bmi2, adx, sha, fma, vzeroupper, clflush, clflushopt, clwb, hv, rdtscp, rdpid, f16c
Processor Information for the first 16 processors :
  Max Mhz: 2901, Current Mhz: 2327, Mhz Limit: 2901

Memory: 4k page, system-wide physical 15774M (4048M free)
TotalPageFile size 15774M (AvailPageFile size 7M)
current process WorkingSet (physical memory assigned to process): 1325M, peak: 1327M
current process commit charge ("private bytes"): 1387M, peak: 1392M

vm_info: OpenJDK 64-Bit Server VM (25.0.2+-15348964-b329.117) for windows-amd64 JRE (25.0.2+-15348964-b329.117), built on 2026-05-05T18:25:19Z with MS VC++ 16.10 / 16.11 (VS2019)

END.
